,param,initial_risk,operator_intervention,cumlative_risk,travel_time,request_time
0,param_13_1,"[0.0, 0.0]","[-1, -1]",0.0,-12,-16
1,param_13_1,"[0.25, 0.0]","[-1, -1]",0.0,-8,-10
2,param_13_1,"[0.5, 0.0]","[-1, -1]",0.0,-3,-4
3,param_13_1,"[0.75, 0.0]","[-1, -1]",0.0,-3,-4
4,param_13_1,"[1.0, 0.0]","[-1, -1]",0.0,-3,-4
5,param_13_1,"[0.0, 0.25]","[-1, -1]",0.0,-8,-10
6,param_13_1,"[0.25, 0.25]","[-1, -1]",0.0,2,4
7,param_13_1,"[0.5, 0.25]","[-1, -1]",0.0,0,3
8,param_13_1,"[0.75, 0.25]","[-1, -1]",0.0,0,3
9,param_13_1,"[1.0, 0.25]","[-1, -1]",0.0,0,3
10,param_13_1,"[0.0, 0.5]","[-1, -1]",0.0,-6,1
11,param_13_1,"[0.25, 0.5]","[-1, -1]",0.0,2,7
12,param_13_1,"[0.5, 0.5]","[-1, -1]",0.0,0,7
13,param_13_1,"[0.75, 0.5]","[-1, -1]",0.0,0,7
14,param_13_1,"[1.0, 0.5]","[-1, -1]",0.0,0,7
15,param_13_1,"[0.0, 0.75]","[-1, -1]",0.0,-6,1
16,param_13_1,"[0.25, 0.75]","[-1, -1]",0.0,2,7
17,param_13_1,"[0.5, 0.75]","[-1, -1]",0.0,0,7
18,param_13_1,"[0.75, 0.75]","[-1, -1]",0.0,0,7
19,param_13_1,"[1.0, 0.75]","[-1, -1]",0.0,0,7
20,param_13_1,"[0.0, 1.0]","[-1, -1]",0.0,-6,1
21,param_13_1,"[0.25, 1.0]","[-1, -1]",0.0,2,7
22,param_13_1,"[0.5, 1.0]","[-1, -1]",0.0,0,7
23,param_13_1,"[0.75, 1.0]","[-1, -1]",0.0,0,7
24,param_13_1,"[1.0, 1.0]","[-1, -1]",0.0,0,7
25,param_13_1,"[0.0, 0.0]","[-1, 0]",0.0,-9,-16
26,param_13_1,"[0.25, 0.0]","[-1, 0]",0.0,-5,-10
27,param_13_1,"[0.5, 0.0]","[-1, 0]",0.0,0,-4
28,param_13_1,"[0.75, 0.0]","[-1, 0]",0.0,0,-4
29,param_13_1,"[1.0, 0.0]","[-1, 0]",0.0,0,-4
30,param_13_1,"[0.0, 0.25]","[-1, 0]",0.0,-9,-10
31,param_13_1,"[0.25, 0.25]","[-1, 0]",0.0,2,4
32,param_13_1,"[0.5, 0.25]","[-1, 0]",0.0,0,3
33,param_13_1,"[0.75, 0.25]","[-1, 0]",0.0,0,3
34,param_13_1,"[1.0, 0.25]","[-1, 0]",0.0,0,3
35,param_13_1,"[0.0, 0.5]","[-1, 0]",0.0,-11,-10
36,param_13_1,"[0.25, 0.5]","[-1, 0]",0.0,0,-4
37,param_13_1,"[0.5, 0.5]","[-1, 0]",0.0,-2,-4
38,param_13_1,"[0.75, 0.5]","[-1, 0]",0.0,-2,-4
39,param_13_1,"[1.0, 0.5]","[-1, 0]",0.0,-2,-4
40,param_13_1,"[0.0, 0.75]","[-1, 0]",0.0,-11,-10
41,param_13_1,"[0.25, 0.75]","[-1, 0]",0.0,0,-4
42,param_13_1,"[0.5, 0.75]","[-1, 0]",0.0,-2,-4
43,param_13_1,"[0.75, 0.75]","[-1, 0]",0.0,-2,-4
44,param_13_1,"[1.0, 0.75]","[-1, 0]",0.0,-2,-4
45,param_13_1,"[0.0, 1.0]","[-1, 0]",0.0,-11,-10
46,param_13_1,"[0.25, 1.0]","[-1, 0]",0.0,0,-4
47,param_13_1,"[0.5, 1.0]","[-1, 0]",0.0,-2,-4
48,param_13_1,"[0.75, 1.0]","[-1, 0]",0.0,-2,-4
49,param_13_1,"[1.0, 1.0]","[-1, 0]",0.0,-2,-4
50,param_13_1,"[0.0, 0.0]","[0, -1]",0.0,0,-12
51,param_13_1,"[0.25, 0.0]","[0, -1]",0.0,0,-6
52,param_13_1,"[0.5, 0.0]","[0, -1]",0.0,-1,-6
53,param_13_1,"[0.75, 0.0]","[0, -1]",0.0,-1,-6
54,param_13_1,"[1.0, 0.0]","[0, -1]",0.0,-1,-6
55,param_13_1,"[0.0, 0.25]","[0, -1]",-0.5,4,-6
56,param_13_1,"[0.25, 0.25]","[0, -1]",-0.5,0,0
57,param_13_1,"[0.5, 0.25]","[0, -1]",-0.5,0,-1
58,param_13_1,"[0.75, 0.25]","[0, -1]",-0.5,0,-1
59,param_13_1,"[1.0, 0.25]","[0, -1]",-0.5,0,-1
60,param_13_1,"[0.0, 0.5]","[0, -1]",0.0,0,5
61,param_13_1,"[0.25, 0.5]","[0, -1]",0.0,0,4
62,param_13_1,"[0.5, 0.5]","[0, -1]",0.0,0,4
63,param_13_1,"[0.75, 0.5]","[0, -1]",0.0,0,4
64,param_13_1,"[1.0, 0.5]","[0, -1]",0.0,0,4
65,param_13_1,"[0.0, 0.75]","[0, -1]",0.0,0,5
66,param_13_1,"[0.25, 0.75]","[0, -1]",0.0,0,4
67,param_13_1,"[0.5, 0.75]","[0, -1]",0.0,0,4
68,param_13_1,"[0.75, 0.75]","[0, -1]",0.0,0,4
69,param_13_1,"[1.0, 0.75]","[0, -1]",0.0,0,4
70,param_13_1,"[0.0, 1.0]","[0, -1]",0.0,0,5
71,param_13_1,"[0.25, 1.0]","[0, -1]",0.0,0,4
72,param_13_1,"[0.5, 1.0]","[0, -1]",0.0,0,4
73,param_13_1,"[0.75, 1.0]","[0, -1]",0.0,0,4
74,param_13_1,"[1.0, 1.0]","[0, -1]",0.0,0,4
75,param_13_1,"[0.0, 0.0]","[0, 0]",0.0,0,-12
76,param_13_1,"[0.25, 0.0]","[0, 0]",0.0,0,-6
77,param_13_1,"[0.5, 0.0]","[0, 0]",0.0,-1,-6
78,param_13_1,"[0.75, 0.0]","[0, 0]",0.0,-1,-6
79,param_13_1,"[1.0, 0.0]","[0, 0]",0.0,-1,-6
80,param_13_1,"[0.0, 0.25]","[0, 0]",-0.5,0,-6
81,param_13_1,"[0.25, 0.25]","[0, 0]",-0.5,0,0
82,param_13_1,"[0.5, 0.25]","[0, 0]",-0.5,0,-1
83,param_13_1,"[0.75, 0.25]","[0, 0]",-0.5,0,-1
84,param_13_1,"[1.0, 0.25]","[0, 0]",-0.5,0,-1
85,param_13_1,"[0.0, 0.5]","[0, 0]",0.0,-5,-6
86,param_13_1,"[0.25, 0.5]","[0, 0]",0.0,-3,-1
87,param_13_1,"[0.5, 0.5]","[0, 0]",0.0,-3,-1
88,param_13_1,"[0.75, 0.5]","[0, 0]",0.0,-3,-1
89,param_13_1,"[1.0, 0.5]","[0, 0]",0.0,-3,-1
90,param_13_1,"[0.0, 0.75]","[0, 0]",0.0,-5,-6
91,param_13_1,"[0.25, 0.75]","[0, 0]",0.0,-3,-1
92,param_13_1,"[0.5, 0.75]","[0, 0]",0.0,-3,-1
93,param_13_1,"[0.75, 0.75]","[0, 0]",0.0,-3,-1
94,param_13_1,"[1.0, 0.75]","[0, 0]",0.0,-3,-1
95,param_13_1,"[0.0, 1.0]","[0, 0]",0.0,-5,-6
96,param_13_1,"[0.25, 1.0]","[0, 0]",0.0,-3,-1
97,param_13_1,"[0.5, 1.0]","[0, 0]",0.0,-3,-1
98,param_13_1,"[0.75, 1.0]","[0, 0]",0.0,-3,-1
99,param_13_1,"[1.0, 1.0]","[0, 0]",0.0,-3,-1
100,param_13_2,"[0.0, 0.0]","[-1, -1]",0.0,-8,-14
101,param_13_2,"[0.25, 0.0]","[-1, -1]",0.0,-4,-8
102,param_13_2,"[0.5, 0.0]","[-1, -1]",0.0,0,0
103,param_13_2,"[0.75, 0.0]","[-1, -1]",0.0,0,0
104,param_13_2,"[1.0, 0.0]","[-1, -1]",0.0,0,0
105,param_13_2,"[0.0, 0.25]","[-1, -1]",-0.5,-4,-8
106,param_13_2,"[0.25, 0.25]","[-1, -1]",-0.5,-4,-1
107,param_13_2,"[0.5, 0.25]","[-1, -1]",-0.5,0,0
108,param_13_2,"[0.75, 0.25]","[-1, -1]",-0.5,0,0
109,param_13_2,"[1.0, 0.25]","[-1, -1]",-0.5,0,0
110,param_13_2,"[0.0, 0.5]","[-1, -1]",0.0,-5,3
111,param_13_2,"[0.25, 0.5]","[-1, -1]",0.0,0,8
112,param_13_2,"[0.5, 0.5]","[-1, -1]",0.0,0,11
113,param_13_2,"[0.75, 0.5]","[-1, -1]",0.0,0,11
114,param_13_2,"[1.0, 0.5]","[-1, -1]",0.0,0,11
115,param_13_2,"[0.0, 0.75]","[-1, -1]",0.0,-5,3
116,param_13_2,"[0.25, 0.75]","[-1, -1]",0.0,0,8
117,param_13_2,"[0.5, 0.75]","[-1, -1]",0.0,0,11
118,param_13_2,"[0.75, 0.75]","[-1, -1]",0.0,0,11
119,param_13_2,"[1.0, 0.75]","[-1, -1]",0.0,0,11
120,param_13_2,"[0.0, 1.0]","[-1, -1]",0.0,-5,3
121,param_13_2,"[0.25, 1.0]","[-1, -1]",0.0,0,8
122,param_13_2,"[0.5, 1.0]","[-1, -1]",0.0,0,11
123,param_13_2,"[0.75, 1.0]","[-1, -1]",0.0,0,11
124,param_13_2,"[1.0, 1.0]","[-1, -1]",0.0,0,11
125,param_13_2,"[0.0, 0.0]","[-1, 0]",0.0,-8,-14
126,param_13_2,"[0.25, 0.0]","[-1, 0]",0.0,-4,-8
127,param_13_2,"[0.5, 0.0]","[-1, 0]",0.0,0,0
128,param_13_2,"[0.75, 0.0]","[-1, 0]",0.0,0,0
129,param_13_2,"[1.0, 0.0]","[-1, 0]",0.0,0,0
130,param_13_2,"[0.0, 0.25]","[-1, 0]",-0.5,-8,-8
131,param_13_2,"[0.25, 0.25]","[-1, 0]",-0.5,-4,-1
132,param_13_2,"[0.5, 0.25]","[-1, 0]",-0.5,0,0
133,param_13_2,"[0.75, 0.25]","[-1, 0]",-0.5,0,0
134,param_13_2,"[1.0, 0.25]","[-1, 0]",-0.5,0,0
135,param_13_2,"[0.0, 0.5]","[-1, 0]",0.0,-13,-8
136,param_13_2,"[0.25, 0.5]","[-1, 0]",0.0,-5,-3
137,param_13_2,"[0.5, 0.5]","[-1, 0]",0.0,-5,-1
138,param_13_2,"[0.75, 0.5]","[-1, 0]",0.0,-5,-1
139,param_13_2,"[1.0, 0.5]","[-1, 0]",0.0,-5,-1
140,param_13_2,"[0.0, 0.75]","[-1, 0]",0.0,-13,-8
141,param_13_2,"[0.25, 0.75]","[-1, 0]",0.0,-5,-3
142,param_13_2,"[0.5, 0.75]","[-1, 0]",0.0,-5,-1
143,param_13_2,"[0.75, 0.75]","[-1, 0]",0.0,-5,-1
144,param_13_2,"[1.0, 0.75]","[-1, 0]",0.0,-5,-1
145,param_13_2,"[0.0, 1.0]","[-1, 0]",0.0,-13,-8
146,param_13_2,"[0.25, 1.0]","[-1, 0]",0.0,-5,-3
147,param_13_2,"[0.5, 1.0]","[-1, 0]",0.0,-5,-1
148,param_13_2,"[0.75, 1.0]","[-1, 0]",0.0,-5,-1
149,param_13_2,"[1.0, 1.0]","[-1, 0]",0.0,-5,-1
150,param_13_2,"[0.0, 0.0]","[0, -1]",0.0,0,-12
151,param_13_2,"[0.25, 0.0]","[0, -1]",0.0,0,-6
152,param_13_2,"[0.5, 0.0]","[0, -1]",0.0,0,-6
153,param_13_2,"[0.75, 0.0]","[0, -1]",0.0,0,-6
154,param_13_2,"[1.0, 0.0]","[0, -1]",0.0,0,-6
155,param_13_2,"[0.0, 0.25]","[0, -1]",0.0,4,-6
156,param_13_2,"[0.25, 0.25]","[0, -1]",0.0,0,-1
157,param_13_2,"[0.5, 0.25]","[0, -1]",0.0,0,0
158,param_13_2,"[0.75, 0.25]","[0, -1]",0.0,0,0
159,param_13_2,"[1.0, 0.25]","[0, -1]",0.0,0,0
160,param_13_2,"[0.0, 0.5]","[0, -1]",0.0,0,5
161,param_13_2,"[0.25, 0.5]","[0, -1]",0.0,0,4
162,param_13_2,"[0.5, 0.5]","[0, -1]",0.0,0,5
163,param_13_2,"[0.75, 0.5]","[0, -1]",0.0,0,5
164,param_13_2,"[1.0, 0.5]","[0, -1]",0.0,0,5
165,param_13_2,"[0.0, 0.75]","[0, -1]",0.0,0,5
166,param_13_2,"[0.25, 0.75]","[0, -1]",0.0,0,4
167,param_13_2,"[0.5, 0.75]","[0, -1]",0.0,0,5
168,param_13_2,"[0.75, 0.75]","[0, -1]",0.0,0,5
169,param_13_2,"[1.0, 0.75]","[0, -1]",0.0,0,5
170,param_13_2,"[0.0, 1.0]","[0, -1]",0.0,0,5
171,param_13_2,"[0.25, 1.0]","[0, -1]",0.0,0,4
172,param_13_2,"[0.5, 1.0]","[0, -1]",0.0,0,5
173,param_13_2,"[0.75, 1.0]","[0, -1]",0.0,0,5
174,param_13_2,"[1.0, 1.0]","[0, -1]",0.0,0,5
175,param_13_2,"[0.0, 0.0]","[0, 0]",0.0,0,-12
176,param_13_2,"[0.25, 0.0]","[0, 0]",0.0,0,-6
177,param_13_2,"[0.5, 0.0]","[0, 0]",0.0,0,-6
178,param_13_2,"[0.75, 0.0]","[0, 0]",0.0,0,-6
179,param_13_2,"[1.0, 0.0]","[0, 0]",0.0,0,-6
180,param_13_2,"[0.0, 0.25]","[0, 0]",0.0,0,-6
181,param_13_2,"[0.25, 0.25]","[0, 0]",0.0,0,-1
182,param_13_2,"[0.5, 0.25]","[0, 0]",0.0,0,0
183,param_13_2,"[0.75, 0.25]","[0, 0]",0.0,0,0
184,param_13_2,"[1.0, 0.25]","[0, 0]",0.0,0,0
185,param_13_2,"[0.0, 0.5]","[0, 0]",0.0,-4,-6
186,param_13_2,"[0.25, 0.5]","[0, 0]",0.0,-2,-1
187,param_13_2,"[0.5, 0.5]","[0, 0]",0.0,-1,0
188,param_13_2,"[0.75, 0.5]","[0, 0]",0.0,-1,0
189,param_13_2,"[1.0, 0.5]","[0, 0]",0.0,-1,0
190,param_13_2,"[0.0, 0.75]","[0, 0]",0.0,-4,-6
191,param_13_2,"[0.25, 0.75]","[0, 0]",0.0,-2,-1
192,param_13_2,"[0.5, 0.75]","[0, 0]",0.0,-1,0
193,param_13_2,"[0.75, 0.75]","[0, 0]",0.0,-1,0
194,param_13_2,"[1.0, 0.75]","[0, 0]",0.0,-1,0
195,param_13_2,"[0.0, 1.0]","[0, 0]",0.0,-4,-6
196,param_13_2,"[0.25, 1.0]","[0, 0]",0.0,-2,-1
197,param_13_2,"[0.5, 1.0]","[0, 0]",0.0,-1,0
198,param_13_2,"[0.75, 1.0]","[0, 0]",0.0,-1,0
199,param_13_2,"[1.0, 1.0]","[0, 0]",0.0,-1,0
200,param_13_3,"[0.0, 0.0]","[-1, -1]",0.0,0,-12
201,param_13_3,"[0.25, 0.0]","[-1, -1]",0.0,4,-7
202,param_13_3,"[0.5, 0.0]","[-1, -1]",0.0,0,-7
203,param_13_3,"[0.75, 0.0]","[-1, -1]",0.0,0,-7
204,param_13_3,"[1.0, 0.0]","[-1, -1]",0.0,0,-7
205,param_13_3,"[0.0, 0.25]","[-1, -1]",0.0,4,-6
206,param_13_3,"[0.25, 0.25]","[-1, -1]",0.0,4,0
207,param_13_3,"[0.5, 0.25]","[-1, -1]",-0.5,0,0
208,param_13_3,"[0.75, 0.25]","[-1, -1]",-0.5,0,0
209,param_13_3,"[1.0, 0.25]","[-1, -1]",-0.5,0,0
210,param_13_3,"[0.0, 0.5]","[-1, -1]",0.0,0,5
211,param_13_3,"[0.25, 0.5]","[-1, -1]",0.0,3,5
212,param_13_3,"[0.5, 0.5]","[-1, -1]",0.0,0,12
213,param_13_3,"[0.75, 0.5]","[-1, -1]",0.0,0,12
214,param_13_3,"[1.0, 0.5]","[-1, -1]",0.0,0,12
215,param_13_3,"[0.0, 0.75]","[-1, -1]",0.0,0,5
216,param_13_3,"[0.25, 0.75]","[-1, -1]",0.0,3,5
217,param_13_3,"[0.5, 0.75]","[-1, -1]",0.0,0,12
218,param_13_3,"[0.75, 0.75]","[-1, -1]",0.0,0,12
219,param_13_3,"[1.0, 0.75]","[-1, -1]",0.0,0,12
220,param_13_3,"[0.0, 1.0]","[-1, -1]",0.0,0,5
221,param_13_3,"[0.25, 1.0]","[-1, -1]",0.0,3,5
222,param_13_3,"[0.5, 1.0]","[-1, -1]",0.0,0,12
223,param_13_3,"[0.75, 1.0]","[-1, -1]",0.0,0,12
224,param_13_3,"[1.0, 1.0]","[-1, -1]",0.0,0,12
225,param_13_3,"[0.0, 0.0]","[-1, 0]",0.0,0,-12
226,param_13_3,"[0.25, 0.0]","[-1, 0]",0.0,4,-7
227,param_13_3,"[0.5, 0.0]","[-1, 0]",0.0,0,-7
228,param_13_3,"[0.75, 0.0]","[-1, 0]",0.0,0,-7
229,param_13_3,"[1.0, 0.0]","[-1, 0]",0.0,0,-7
230,param_13_3,"[0.0, 0.25]","[-1, 0]",0.0,0,-6
231,param_13_3,"[0.25, 0.25]","[-1, 0]",0.0,4,0
232,param_13_3,"[0.5, 0.25]","[-1, 0]",-0.5,0,0
233,param_13_3,"[0.75, 0.25]","[-1, 0]",-0.5,0,0
234,param_13_3,"[1.0, 0.25]","[-1, 0]",-0.5,0,0
235,param_13_3,"[0.0, 0.5]","[-1, 0]",0.0,-4,-6
236,param_13_3,"[0.25, 0.5]","[-1, 0]",0.0,0,-1
237,param_13_3,"[0.5, 0.5]","[-1, 0]",0.0,-4,-1
238,param_13_3,"[0.75, 0.5]","[-1, 0]",0.0,-4,-1
239,param_13_3,"[1.0, 0.5]","[-1, 0]",0.0,-4,-1
240,param_13_3,"[0.0, 0.75]","[-1, 0]",0.0,-4,-6
241,param_13_3,"[0.25, 0.75]","[-1, 0]",0.0,0,-1
242,param_13_3,"[0.5, 0.75]","[-1, 0]",0.0,-4,-1
243,param_13_3,"[0.75, 0.75]","[-1, 0]",0.0,-4,-1
244,param_13_3,"[1.0, 0.75]","[-1, 0]",0.0,-4,-1
245,param_13_3,"[0.0, 1.0]","[-1, 0]",0.0,-4,-6
246,param_13_3,"[0.25, 1.0]","[-1, 0]",0.0,0,-1
247,param_13_3,"[0.5, 1.0]","[-1, 0]",0.0,-4,-1
248,param_13_3,"[0.75, 1.0]","[-1, 0]",0.0,-4,-1
249,param_13_3,"[1.0, 1.0]","[-1, 0]",0.0,-4,-1
250,param_13_3,"[0.0, 0.0]","[0, -1]",0.0,0,-12
251,param_13_3,"[0.25, 0.0]","[0, -1]",0.0,0,-7
252,param_13_3,"[0.5, 0.0]","[0, -1]",0.0,-2,-7
253,param_13_3,"[0.75, 0.0]","[0, -1]",0.0,-2,-7
254,param_13_3,"[1.0, 0.0]","[0, -1]",0.0,-2,-7
255,param_13_3,"[0.0, 0.25]","[0, -1]",0.0,4,-6
256,param_13_3,"[0.25, 0.25]","[0, -1]",0.0,4,-1
257,param_13_3,"[0.5, 0.25]","[0, -1]",0.0,0,0
258,param_13_3,"[0.75, 0.25]","[0, -1]",0.0,0,0
259,param_13_3,"[1.0, 0.25]","[0, -1]",0.0,0,0
260,param_13_3,"[0.0, 0.5]","[0, -1]",0.0,0,5
261,param_13_3,"[0.25, 0.5]","[0, -1]",0.0,0,4
262,param_13_3,"[0.5, 0.5]","[0, -1]",0.0,9,12
263,param_13_3,"[0.75, 0.5]","[0, -1]",0.0,9,12
264,param_13_3,"[1.0, 0.5]","[0, -1]",0.0,9,12
265,param_13_3,"[0.0, 0.75]","[0, -1]",0.0,0,5
266,param_13_3,"[0.25, 0.75]","[0, -1]",0.0,0,4
267,param_13_3,"[0.5, 0.75]","[0, -1]",0.0,9,12
268,param_13_3,"[0.75, 0.75]","[0, -1]",0.0,9,12
269,param_13_3,"[1.0, 0.75]","[0, -1]",0.0,9,12
270,param_13_3,"[0.0, 1.0]","[0, -1]",0.0,0,5
271,param_13_3,"[0.25, 1.0]","[0, -1]",0.0,0,4
272,param_13_3,"[0.5, 1.0]","[0, -1]",0.0,9,12
273,param_13_3,"[0.75, 1.0]","[0, -1]",0.0,9,12
274,param_13_3,"[1.0, 1.0]","[0, -1]",0.0,9,12
275,param_13_3,"[0.0, 0.0]","[0, 0]",0.0,0,-12
276,param_13_3,"[0.25, 0.0]","[0, 0]",0.0,0,-7
277,param_13_3,"[0.5, 0.0]","[0, 0]",0.0,-2,-7
278,param_13_3,"[0.75, 0.0]","[0, 0]",0.0,-2,-7
279,param_13_3,"[1.0, 0.0]","[0, 0]",0.0,-2,-7
280,param_13_3,"[0.0, 0.25]","[0, 0]",0.0,0,-6
281,param_13_3,"[0.25, 0.25]","[0, 0]",0.0,0,-1
282,param_13_3,"[0.5, 0.25]","[0, 0]",0.0,0,0
283,param_13_3,"[0.75, 0.25]","[0, 0]",0.0,0,0
284,param_13_3,"[1.0, 0.25]","[0, 0]",0.0,0,0
285,param_13_3,"[0.0, 0.5]","[0, 0]",0.0,-4,-6
286,param_13_3,"[0.25, 0.5]","[0, 0]",0.0,-2,-1
287,param_13_3,"[0.5, 0.5]","[0, 0]",0.0,2,-1
288,param_13_3,"[0.75, 0.5]","[0, 0]",0.0,2,-1
289,param_13_3,"[1.0, 0.5]","[0, 0]",0.0,2,-1
290,param_13_3,"[0.0, 0.75]","[0, 0]",0.0,-4,-6
291,param_13_3,"[0.25, 0.75]","[0, 0]",0.0,-2,-1
292,param_13_3,"[0.5, 0.75]","[0, 0]",0.0,2,-1
293,param_13_3,"[0.75, 0.75]","[0, 0]",0.0,2,-1
294,param_13_3,"[1.0, 0.75]","[0, 0]",0.0,2,-1
295,param_13_3,"[0.0, 1.0]","[0, 0]",0.0,-4,-6
296,param_13_3,"[0.25, 1.0]","[0, 0]",0.0,-2,-1
297,param_13_3,"[0.5, 1.0]","[0, 0]",0.0,2,-1
298,param_13_3,"[0.75, 1.0]","[0, 0]",0.0,2,-1
299,param_13_3,"[1.0, 1.0]","[0, 0]",0.0,2,-1
300,param_13_4,"[0.0, 0.0]","[-1, -1]",0.0,0,-12
301,param_13_4,"[0.25, 0.0]","[-1, -1]",0.0,0,-12
302,param_13_4,"[0.5, 0.0]","[-1, -1]",0.0,0,-6
303,param_13_4,"[0.75, 0.0]","[-1, -1]",0.0,0,-6
304,param_13_4,"[1.0, 0.0]","[-1, -1]",0.0,0,-6
305,param_13_4,"[0.0, 0.25]","[-1, -1]",0.0,4,-6
306,param_13_4,"[0.25, 0.25]","[-1, -1]",0.0,4,-6
307,param_13_4,"[0.5, 0.25]","[-1, -1]",0.0,0,0
308,param_13_4,"[0.75, 0.25]","[-1, -1]",0.0,0,0
309,param_13_4,"[1.0, 0.25]","[-1, -1]",0.0,0,0
310,param_13_4,"[0.0, 0.5]","[-1, -1]",0.0,0,5
311,param_13_4,"[0.25, 0.5]","[-1, -1]",0.0,0,5
312,param_13_4,"[0.5, 0.5]","[-1, -1]",0.0,0,11
313,param_13_4,"[0.75, 0.5]","[-1, -1]",0.0,0,11
314,param_13_4,"[1.0, 0.5]","[-1, -1]",0.0,0,11
315,param_13_4,"[0.0, 0.75]","[-1, -1]",0.0,0,5
316,param_13_4,"[0.25, 0.75]","[-1, -1]",0.0,0,5
317,param_13_4,"[0.5, 0.75]","[-1, -1]",0.0,0,11
318,param_13_4,"[0.75, 0.75]","[-1, -1]",0.0,0,11
319,param_13_4,"[1.0, 0.75]","[-1, -1]",0.0,0,11
320,param_13_4,"[0.0, 1.0]","[-1, -1]",0.0,0,5
321,param_13_4,"[0.25, 1.0]","[-1, -1]",0.0,0,5
322,param_13_4,"[0.5, 1.0]","[-1, -1]",0.0,0,11
323,param_13_4,"[0.75, 1.0]","[-1, -1]",0.0,0,11
324,param_13_4,"[1.0, 1.0]","[-1, -1]",0.0,0,11
325,param_13_4,"[0.0, 0.0]","[-1, 0]",0.0,0,-12
326,param_13_4,"[0.25, 0.0]","[-1, 0]",0.0,0,-12
327,param_13_4,"[0.5, 0.0]","[-1, 0]",0.0,0,-6
328,param_13_4,"[0.75, 0.0]","[-1, 0]",0.0,0,-6
329,param_13_4,"[1.0, 0.0]","[-1, 0]",0.0,0,-6
330,param_13_4,"[0.0, 0.25]","[-1, 0]",0.0,0,-6
331,param_13_4,"[0.25, 0.25]","[-1, 0]",0.0,0,-6
332,param_13_4,"[0.5, 0.25]","[-1, 0]",0.0,0,0
333,param_13_4,"[0.75, 0.25]","[-1, 0]",0.0,0,0
334,param_13_4,"[1.0, 0.25]","[-1, 0]",0.0,0,0
335,param_13_4,"[0.0, 0.5]","[-1, 0]",0.0,-4,-6
336,param_13_4,"[0.25, 0.5]","[-1, 0]",0.0,-4,-6
337,param_13_4,"[0.5, 0.5]","[-1, 0]",0.0,-2,-6
338,param_13_4,"[0.75, 0.5]","[-1, 0]",0.0,-2,-6
339,param_13_4,"[1.0, 0.5]","[-1, 0]",0.0,-2,-6
340,param_13_4,"[0.0, 0.75]","[-1, 0]",0.0,-4,-6
341,param_13_4,"[0.25, 0.75]","[-1, 0]",0.0,-4,-6
342,param_13_4,"[0.5, 0.75]","[-1, 0]",0.0,-2,-6
343,param_13_4,"[0.75, 0.75]","[-1, 0]",0.0,-2,-6
344,param_13_4,"[1.0, 0.75]","[-1, 0]",0.0,-2,-6
345,param_13_4,"[0.0, 1.0]","[-1, 0]",0.0,-4,-6
346,param_13_4,"[0.25, 1.0]","[-1, 0]",0.0,-4,-6
347,param_13_4,"[0.5, 1.0]","[-1, 0]",0.0,-2,-6
348,param_13_4,"[0.75, 1.0]","[-1, 0]",0.0,-2,-6
349,param_13_4,"[1.0, 1.0]","[-1, 0]",0.0,-2,-6
350,param_13_4,"[0.0, 0.0]","[0, -1]",0.0,0,-12
351,param_13_4,"[0.25, 0.0]","[0, -1]",0.0,0,-12
352,param_13_4,"[0.5, 0.0]","[0, -1]",0.0,-2,-6
353,param_13_4,"[0.75, 0.0]","[0, -1]",0.0,-2,-6
354,param_13_4,"[1.0, 0.0]","[0, -1]",0.0,-2,-6
355,param_13_4,"[0.0, 0.25]","[0, -1]",0.0,4,-6
356,param_13_4,"[0.25, 0.25]","[0, -1]",0.0,4,-6
357,param_13_4,"[0.5, 0.25]","[0, -1]",0.0,-1,0
358,param_13_4,"[0.75, 0.25]","[0, -1]",0.0,-1,0
359,param_13_4,"[1.0, 0.25]","[0, -1]",0.0,-1,0
360,param_13_4,"[0.0, 0.5]","[0, -1]",0.0,0,5
361,param_13_4,"[0.25, 0.5]","[0, -1]",0.0,0,5
362,param_13_4,"[0.5, 0.5]","[0, -1]",0.0,3,11
363,param_13_4,"[0.75, 0.5]","[0, -1]",0.0,3,11
364,param_13_4,"[1.0, 0.5]","[0, -1]",0.0,3,11
365,param_13_4,"[0.0, 0.75]","[0, -1]",0.0,0,5
366,param_13_4,"[0.25, 0.75]","[0, -1]",0.0,0,5
367,param_13_4,"[0.5, 0.75]","[0, -1]",0.0,3,11
368,param_13_4,"[0.75, 0.75]","[0, -1]",0.0,3,11
369,param_13_4,"[1.0, 0.75]","[0, -1]",0.0,3,11
370,param_13_4,"[0.0, 1.0]","[0, -1]",0.0,0,5
371,param_13_4,"[0.25, 1.0]","[0, -1]",0.0,0,5
372,param_13_4,"[0.5, 1.0]","[0, -1]",0.0,3,11
373,param_13_4,"[0.75, 1.0]","[0, -1]",0.0,3,11
374,param_13_4,"[1.0, 1.0]","[0, -1]",0.0,3,11
375,param_13_4,"[0.0, 0.0]","[0, 0]",0.0,0,-12
376,param_13_4,"[0.25, 0.0]","[0, 0]",0.0,0,-12
377,param_13_4,"[0.5, 0.0]","[0, 0]",0.0,0,-6
378,param_13_4,"[0.75, 0.0]","[0, 0]",0.0,0,-6
379,param_13_4,"[1.0, 0.0]","[0, 0]",0.0,0,-6
380,param_13_4,"[0.0, 0.25]","[0, 0]",0.0,0,-6
381,param_13_4,"[0.25, 0.25]","[0, 0]",0.0,0,-6
382,param_13_4,"[0.5, 0.25]","[0, 0]",0.0,1,0
383,param_13_4,"[0.75, 0.25]","[0, 0]",0.0,1,0
384,param_13_4,"[1.0, 0.25]","[0, 0]",0.0,1,0
385,param_13_4,"[0.0, 0.5]","[0, 0]",0.0,-4,-6
386,param_13_4,"[0.25, 0.5]","[0, 0]",0.0,-4,-6
387,param_13_4,"[0.5, 0.5]","[0, 0]",0.0,2,-6
388,param_13_4,"[0.75, 0.5]","[0, 0]",0.0,2,-6
389,param_13_4,"[1.0, 0.5]","[0, 0]",0.0,2,-6
390,param_13_4,"[0.0, 0.75]","[0, 0]",0.0,-4,-6
391,param_13_4,"[0.25, 0.75]","[0, 0]",0.0,-4,-6
392,param_13_4,"[0.5, 0.75]","[0, 0]",0.0,2,-6
393,param_13_4,"[0.75, 0.75]","[0, 0]",0.0,2,-6
394,param_13_4,"[1.0, 0.75]","[0, 0]",0.0,2,-6
395,param_13_4,"[0.0, 1.0]","[0, 0]",0.0,-4,-6
396,param_13_4,"[0.25, 1.0]","[0, 0]",0.0,-4,-6
397,param_13_4,"[0.5, 1.0]","[0, 0]",0.0,2,-6
398,param_13_4,"[0.75, 1.0]","[0, 0]",0.0,2,-6
399,param_13_4,"[1.0, 1.0]","[0, 0]",0.0,2,-6
400,param_13_5,"[0.0, 0.0]","[-1, -1]",0.0,-11,-16
401,param_13_5,"[0.25, 0.0]","[-1, -1]",0.0,-7,-10
402,param_13_5,"[0.5, 0.0]","[-1, -1]",0.0,-2,-4
403,param_13_5,"[0.75, 0.0]","[-1, -1]",0.0,-2,-4
404,param_13_5,"[1.0, 0.0]","[-1, -1]",0.0,-2,-4
405,param_13_5,"[0.0, 0.25]","[-1, -1]",0.0,-8,-10
406,param_13_5,"[0.25, 0.25]","[-1, -1]",0.0,2,2
407,param_13_5,"[0.5, 0.25]","[-1, -1]",0.0,0,2
408,param_13_5,"[0.75, 0.25]","[-1, -1]",0.0,0,2
409,param_13_5,"[1.0, 0.25]","[-1, -1]",0.0,0,2
410,param_13_5,"[0.0, 0.5]","[-1, -1]",0.0,-6,2
411,param_13_5,"[0.25, 0.5]","[-1, -1]",0.0,-4,5
412,param_13_5,"[0.5, 0.5]","[-1, -1]",0.0,0,8
413,param_13_5,"[0.75, 0.5]","[-1, -1]",0.0,0,8
414,param_13_5,"[1.0, 0.5]","[-1, -1]",0.0,0,8
415,param_13_5,"[0.0, 0.75]","[-1, -1]",0.0,-6,2
416,param_13_5,"[0.25, 0.75]","[-1, -1]",0.0,-4,5
417,param_13_5,"[0.5, 0.75]","[-1, -1]",0.0,0,8
418,param_13_5,"[0.75, 0.75]","[-1, -1]",0.0,0,8
419,param_13_5,"[1.0, 0.75]","[-1, -1]",0.0,0,8
420,param_13_5,"[0.0, 1.0]","[-1, -1]",0.0,-6,2
421,param_13_5,"[0.25, 1.0]","[-1, -1]",0.0,-4,5
422,param_13_5,"[0.5, 1.0]","[-1, -1]",0.0,0,8
423,param_13_5,"[0.75, 1.0]","[-1, -1]",0.0,0,8
424,param_13_5,"[1.0, 1.0]","[-1, -1]",0.0,0,8
425,param_13_5,"[0.0, 0.0]","[-1, 0]",0.0,-9,-16
426,param_13_5,"[0.25, 0.0]","[-1, 0]",0.0,-5,-10
427,param_13_5,"[0.5, 0.0]","[-1, 0]",0.0,0,-4
428,param_13_5,"[0.75, 0.0]","[-1, 0]",0.0,0,-4
429,param_13_5,"[1.0, 0.0]","[-1, 0]",0.0,0,-4
430,param_13_5,"[0.0, 0.25]","[-1, 0]",0.0,-9,-10
431,param_13_5,"[0.25, 0.25]","[-1, 0]",0.0,2,2
432,param_13_5,"[0.5, 0.25]","[-1, 0]",0.0,0,2
433,param_13_5,"[0.75, 0.25]","[-1, 0]",0.0,0,2
434,param_13_5,"[1.0, 0.25]","[-1, 0]",0.0,0,2
435,param_13_5,"[0.0, 0.5]","[-1, 0]",0.0,-11,-10
436,param_13_5,"[0.25, 0.5]","[-1, 0]",0.0,-7,-5
437,param_13_5,"[0.5, 0.5]","[-1, 0]",0.0,-2,1
438,param_13_5,"[0.75, 0.5]","[-1, 0]",0.0,-2,1
439,param_13_5,"[1.0, 0.5]","[-1, 0]",0.0,-2,1
440,param_13_5,"[0.0, 0.75]","[-1, 0]",0.0,-11,-10
441,param_13_5,"[0.25, 0.75]","[-1, 0]",0.0,-7,-5
442,param_13_5,"[0.5, 0.75]","[-1, 0]",0.0,-2,1
443,param_13_5,"[0.75, 0.75]","[-1, 0]",0.0,-2,1
444,param_13_5,"[1.0, 0.75]","[-1, 0]",0.0,-2,1
445,param_13_5,"[0.0, 1.0]","[-1, 0]",0.0,-11,-10
446,param_13_5,"[0.25, 1.0]","[-1, 0]",0.0,-7,-5
447,param_13_5,"[0.5, 1.0]","[-1, 0]",0.0,-2,1
448,param_13_5,"[0.75, 1.0]","[-1, 0]",0.0,-2,1
449,param_13_5,"[1.0, 1.0]","[-1, 0]",0.0,-2,1
450,param_13_5,"[0.0, 0.0]","[0, -1]",0.0,0,-12
451,param_13_5,"[0.25, 0.0]","[0, -1]",0.0,0,-6
452,param_13_5,"[0.5, 0.0]","[0, -1]",0.0,-1,-6
453,param_13_5,"[0.75, 0.0]","[0, -1]",0.0,-1,-6
454,param_13_5,"[1.0, 0.0]","[0, -1]",0.0,-1,-6
455,param_13_5,"[0.0, 0.25]","[0, -1]",-0.5,3,-6
456,param_13_5,"[0.25, 0.25]","[0, -1]",-0.5,3,0
457,param_13_5,"[0.5, 0.25]","[0, -1]",-0.5,2,0
458,param_13_5,"[0.75, 0.25]","[0, -1]",-0.5,2,0
459,param_13_5,"[1.0, 0.25]","[0, -1]",-0.5,2,0
460,param_13_5,"[0.0, 0.5]","[0, -1]",0.0,0,6
461,param_13_5,"[0.25, 0.5]","[0, -1]",0.0,0,5
462,param_13_5,"[0.5, 0.5]","[0, -1]",0.0,0,4
463,param_13_5,"[0.75, 0.5]","[0, -1]",0.0,0,4
464,param_13_5,"[1.0, 0.5]","[0, -1]",0.0,0,4
465,param_13_5,"[0.0, 0.75]","[0, -1]",0.0,0,6
466,param_13_5,"[0.25, 0.75]","[0, -1]",0.0,0,5
467,param_13_5,"[0.5, 0.75]","[0, -1]",0.0,0,4
468,param_13_5,"[0.75, 0.75]","[0, -1]",0.0,0,4
469,param_13_5,"[1.0, 0.75]","[0, -1]",0.0,0,4
470,param_13_5,"[0.0, 1.0]","[0, -1]",0.0,0,6
471,param_13_5,"[0.25, 1.0]","[0, -1]",0.0,0,5
472,param_13_5,"[0.5, 1.0]","[0, -1]",0.0,0,4
473,param_13_5,"[0.75, 1.0]","[0, -1]",0.0,0,4
474,param_13_5,"[1.0, 1.0]","[0, -1]",0.0,0,4
475,param_13_5,"[0.0, 0.0]","[0, 0]",0.0,0,-12
476,param_13_5,"[0.25, 0.0]","[0, 0]",0.0,0,-6
477,param_13_5,"[0.5, 0.0]","[0, 0]",0.0,-1,-6
478,param_13_5,"[0.75, 0.0]","[0, 0]",0.0,-1,-6
479,param_13_5,"[1.0, 0.0]","[0, 0]",0.0,-1,-6
480,param_13_5,"[0.0, 0.25]","[0, 0]",-0.5,0,-6
481,param_13_5,"[0.25, 0.25]","[0, 0]",-0.5,0,0
482,param_13_5,"[0.5, 0.25]","[0, 0]",-0.5,-1,0
483,param_13_5,"[0.75, 0.25]","[0, 0]",-0.5,-1,0
484,param_13_5,"[1.0, 0.25]","[0, 0]",-0.5,-1,0
485,param_13_5,"[0.0, 0.5]","[0, 0]",0.0,-5,-6
486,param_13_5,"[0.25, 0.5]","[0, 0]",0.0,-5,-1
487,param_13_5,"[0.5, 0.5]","[0, 0]",0.0,-4,-1
488,param_13_5,"[0.75, 0.5]","[0, 0]",0.0,-4,-1
489,param_13_5,"[1.0, 0.5]","[0, 0]",0.0,-4,-1
490,param_13_5,"[0.0, 0.75]","[0, 0]",0.0,-5,-6
491,param_13_5,"[0.25, 0.75]","[0, 0]",0.0,-5,-1
492,param_13_5,"[0.5, 0.75]","[0, 0]",0.0,-4,-1
493,param_13_5,"[0.75, 0.75]","[0, 0]",0.0,-4,-1
494,param_13_5,"[1.0, 0.75]","[0, 0]",0.0,-4,-1
495,param_13_5,"[0.0, 1.0]","[0, 0]",0.0,-5,-6
496,param_13_5,"[0.25, 1.0]","[0, 0]",0.0,-5,-1
497,param_13_5,"[0.5, 1.0]","[0, 0]",0.0,-4,-1
498,param_13_5,"[0.75, 1.0]","[0, 0]",0.0,-4,-1
499,param_13_5,"[1.0, 1.0]","[0, 0]",0.0,-4,-1
500,param_13_6,"[0.0, 0.0]","[-1, -1]",0.0,-9,-14
501,param_13_6,"[0.25, 0.0]","[-1, -1]",0.0,-5,-8
502,param_13_6,"[0.5, 0.0]","[-1, -1]",0.0,0,0
503,param_13_6,"[0.75, 0.0]","[-1, -1]",0.0,0,0
504,param_13_6,"[1.0, 0.0]","[-1, -1]",0.0,0,0
505,param_13_6,"[0.0, 0.25]","[-1, -1]",-0.5,-6,-8
506,param_13_6,"[0.25, 0.25]","[-1, -1]",-0.5,0,-1
507,param_13_6,"[0.5, 0.25]","[-1, -1]",-0.5,0,5
508,param_13_6,"[0.75, 0.25]","[-1, -1]",-0.5,0,5
509,param_13_6,"[1.0, 0.25]","[-1, -1]",-0.5,0,5
510,param_13_6,"[0.0, 0.5]","[-1, -1]",0.0,-6,4
511,param_13_6,"[0.25, 0.5]","[-1, -1]",0.0,-5,3
512,param_13_6,"[0.5, 0.5]","[-1, -1]",0.0,0,10
513,param_13_6,"[0.75, 0.5]","[-1, -1]",0.0,0,10
514,param_13_6,"[1.0, 0.5]","[-1, -1]",0.0,0,10
515,param_13_6,"[0.0, 0.75]","[-1, -1]",0.0,-6,4
516,param_13_6,"[0.25, 0.75]","[-1, -1]",0.0,-5,3
517,param_13_6,"[0.5, 0.75]","[-1, -1]",0.0,0,10
518,param_13_6,"[0.75, 0.75]","[-1, -1]",0.0,0,10
519,param_13_6,"[1.0, 0.75]","[-1, -1]",0.0,0,10
520,param_13_6,"[0.0, 1.0]","[-1, -1]",0.0,-6,4
521,param_13_6,"[0.25, 1.0]","[-1, -1]",0.0,-5,3
522,param_13_6,"[0.5, 1.0]","[-1, -1]",0.0,0,10
523,param_13_6,"[0.75, 1.0]","[-1, -1]",0.0,0,10
524,param_13_6,"[1.0, 1.0]","[-1, -1]",0.0,0,10
525,param_13_6,"[0.0, 0.0]","[-1, 0]",0.0,-9,-14
526,param_13_6,"[0.25, 0.0]","[-1, 0]",0.0,-5,-8
527,param_13_6,"[0.5, 0.0]","[-1, 0]",0.0,0,0
528,param_13_6,"[0.75, 0.0]","[-1, 0]",0.0,0,0
529,param_13_6,"[1.0, 0.0]","[-1, 0]",0.0,0,0
530,param_13_6,"[0.0, 0.25]","[-1, 0]",-0.5,-9,-8
531,param_13_6,"[0.25, 0.25]","[-1, 0]",-0.5,0,-1
532,param_13_6,"[0.5, 0.25]","[-1, 0]",-0.5,0,5
533,param_13_6,"[0.75, 0.25]","[-1, 0]",-0.5,0,5
534,param_13_6,"[1.0, 0.25]","[-1, 0]",-0.5,0,5
535,param_13_6,"[0.0, 0.5]","[-1, 0]",0.0,-13,-8
536,param_13_6,"[0.25, 0.5]","[-1, 0]",0.0,-9,-2
537,param_13_6,"[0.5, 0.5]","[-1, 0]",0.0,-4,-1
538,param_13_6,"[0.75, 0.5]","[-1, 0]",0.0,-4,-1
539,param_13_6,"[1.0, 0.5]","[-1, 0]",0.0,-4,-1
540,param_13_6,"[0.0, 0.75]","[-1, 0]",0.0,-13,-8
541,param_13_6,"[0.25, 0.75]","[-1, 0]",0.0,-9,-2
542,param_13_6,"[0.5, 0.75]","[-1, 0]",0.0,-4,-1
543,param_13_6,"[0.75, 0.75]","[-1, 0]",0.0,-4,-1
544,param_13_6,"[1.0, 0.75]","[-1, 0]",0.0,-4,-1
545,param_13_6,"[0.0, 1.0]","[-1, 0]",0.0,-13,-8
546,param_13_6,"[0.25, 1.0]","[-1, 0]",0.0,-9,-2
547,param_13_6,"[0.5, 1.0]","[-1, 0]",0.0,-4,-1
548,param_13_6,"[0.75, 1.0]","[-1, 0]",0.0,-4,-1
549,param_13_6,"[1.0, 1.0]","[-1, 0]",0.0,-4,-1
550,param_13_6,"[0.0, 0.0]","[0, -1]",0.0,-3,-12
551,param_13_6,"[0.25, 0.0]","[0, -1]",0.0,-3,-6
552,param_13_6,"[0.5, 0.0]","[0, -1]",0.0,-1,-6
553,param_13_6,"[0.75, 0.0]","[0, -1]",0.0,-1,-6
554,param_13_6,"[1.0, 0.0]","[0, -1]",0.0,-1,-6
555,param_13_6,"[0.0, 0.25]","[0, -1]",0.0,0,-6
556,param_13_6,"[0.25, 0.25]","[0, -1]",0.0,0,0
557,param_13_6,"[0.5, 0.25]","[0, -1]",0.0,0,0
558,param_13_6,"[0.75, 0.25]","[0, -1]",0.0,0,0
559,param_13_6,"[1.0, 0.25]","[0, -1]",0.0,0,0
560,param_13_6,"[0.0, 0.5]","[0, -1]",0.0,0,6
561,param_13_6,"[0.25, 0.5]","[0, -1]",0.0,0,4
562,param_13_6,"[0.5, 0.5]","[0, -1]",0.0,0,5
563,param_13_6,"[0.75, 0.5]","[0, -1]",0.0,0,5
564,param_13_6,"[1.0, 0.5]","[0, -1]",0.0,0,5
565,param_13_6,"[0.0, 0.75]","[0, -1]",0.0,0,6
566,param_13_6,"[0.25, 0.75]","[0, -1]",0.0,0,4
567,param_13_6,"[0.5, 0.75]","[0, -1]",0.0,0,5
568,param_13_6,"[0.75, 0.75]","[0, -1]",0.0,0,5
569,param_13_6,"[1.0, 0.75]","[0, -1]",0.0,0,5
570,param_13_6,"[0.0, 1.0]","[0, -1]",0.0,0,6
571,param_13_6,"[0.25, 1.0]","[0, -1]",0.0,0,4
572,param_13_6,"[0.5, 1.0]","[0, -1]",0.0,0,5
573,param_13_6,"[0.75, 1.0]","[0, -1]",0.0,0,5
574,param_13_6,"[1.0, 1.0]","[0, -1]",0.0,0,5
575,param_13_6,"[0.0, 0.0]","[0, 0]",0.0,0,-12
576,param_13_6,"[0.25, 0.0]","[0, 0]",0.0,0,-6
577,param_13_6,"[0.5, 0.0]","[0, 0]",0.0,-1,-6
578,param_13_6,"[0.75, 0.0]","[0, 0]",0.0,-1,-6
579,param_13_6,"[1.0, 0.0]","[0, 0]",0.0,-1,-6
580,param_13_6,"[0.0, 0.25]","[0, 0]",0.0,0,-6
581,param_13_6,"[0.25, 0.25]","[0, 0]",0.0,0,0
582,param_13_6,"[0.5, 0.25]","[0, 0]",0.0,0,0
583,param_13_6,"[0.75, 0.25]","[0, 0]",0.0,0,0
584,param_13_6,"[1.0, 0.25]","[0, 0]",0.0,0,0
585,param_13_6,"[0.0, 0.5]","[0, 0]",0.0,-2,-6
586,param_13_6,"[0.25, 0.5]","[0, 0]",0.0,1,-1
587,param_13_6,"[0.5, 0.5]","[0, 0]",0.0,-2,-1
588,param_13_6,"[0.75, 0.5]","[0, 0]",0.0,-2,-1
589,param_13_6,"[1.0, 0.5]","[0, 0]",0.0,-2,-1
590,param_13_6,"[0.0, 0.75]","[0, 0]",0.0,-2,-6
591,param_13_6,"[0.25, 0.75]","[0, 0]",0.0,1,-1
592,param_13_6,"[0.5, 0.75]","[0, 0]",0.0,-2,-1
593,param_13_6,"[0.75, 0.75]","[0, 0]",0.0,-2,-1
594,param_13_6,"[1.0, 0.75]","[0, 0]",0.0,-2,-1
595,param_13_6,"[0.0, 1.0]","[0, 0]",0.0,-2,-6
596,param_13_6,"[0.25, 1.0]","[0, 0]",0.0,1,-1
597,param_13_6,"[0.5, 1.0]","[0, 0]",0.0,-2,-1
598,param_13_6,"[0.75, 1.0]","[0, 0]",0.0,-2,-1
599,param_13_6,"[1.0, 1.0]","[0, 0]",0.0,-2,-1
600,param_13_7,"[0.0, 0.0]","[-1, -1]",0.0,-8,-13
601,param_13_7,"[0.25, 0.0]","[-1, -1]",0.0,-4,-7
602,param_13_7,"[0.5, 0.0]","[-1, -1]",0.0,0,0
603,param_13_7,"[0.75, 0.0]","[-1, -1]",0.0,0,0
604,param_13_7,"[1.0, 0.0]","[-1, -1]",0.0,0,0
605,param_13_7,"[0.0, 0.25]","[-1, -1]",-0.5,-5,-7
606,param_13_7,"[0.25, 0.25]","[-1, -1]",-0.5,-4,0
607,param_13_7,"[0.5, 0.25]","[-1, -1]",-0.5,0,0
608,param_13_7,"[0.75, 0.25]","[-1, -1]",-0.5,0,0
609,param_13_7,"[1.0, 0.25]","[-1, -1]",-0.5,0,0
610,param_13_7,"[0.0, 0.5]","[-1, -1]",0.0,-7,5
611,param_13_7,"[0.25, 0.5]","[-1, -1]",0.0,0,9
612,param_13_7,"[0.5, 0.5]","[-1, -1]",0.0,0,15
613,param_13_7,"[0.75, 0.5]","[-1, -1]",0.0,0,15
614,param_13_7,"[1.0, 0.5]","[-1, -1]",0.0,0,15
615,param_13_7,"[0.0, 0.75]","[-1, -1]",0.0,-7,5
616,param_13_7,"[0.25, 0.75]","[-1, -1]",0.0,0,9
617,param_13_7,"[0.5, 0.75]","[-1, -1]",0.0,0,15
618,param_13_7,"[0.75, 0.75]","[-1, -1]",0.0,0,15
619,param_13_7,"[1.0, 0.75]","[-1, -1]",0.0,0,15
620,param_13_7,"[0.0, 1.0]","[-1, -1]",0.0,-7,5
621,param_13_7,"[0.25, 1.0]","[-1, -1]",0.0,0,9
622,param_13_7,"[0.5, 1.0]","[-1, -1]",0.0,0,15
623,param_13_7,"[0.75, 1.0]","[-1, -1]",0.0,0,15
624,param_13_7,"[1.0, 1.0]","[-1, -1]",0.0,0,15
625,param_13_7,"[0.0, 0.0]","[-1, 0]",0.0,-8,-13
626,param_13_7,"[0.25, 0.0]","[-1, 0]",0.0,-4,-7
627,param_13_7,"[0.5, 0.0]","[-1, 0]",0.0,0,0
628,param_13_7,"[0.75, 0.0]","[-1, 0]",0.0,0,0
629,param_13_7,"[1.0, 0.0]","[-1, 0]",0.0,0,0
630,param_13_7,"[0.0, 0.25]","[-1, 0]",-0.5,-8,-7
631,param_13_7,"[0.25, 0.25]","[-1, 0]",-0.5,-4,0
632,param_13_7,"[0.5, 0.25]","[-1, 0]",-0.5,0,0
633,param_13_7,"[0.75, 0.25]","[-1, 0]",-0.5,0,0
634,param_13_7,"[1.0, 0.25]","[-1, 0]",-0.5,0,0
635,param_13_7,"[0.0, 0.5]","[-1, 0]",0.0,-12,-7
636,param_13_7,"[0.25, 0.5]","[-1, 0]",0.0,-4,-2
637,param_13_7,"[0.5, 0.5]","[-1, 0]",0.0,-4,-1
638,param_13_7,"[0.75, 0.5]","[-1, 0]",0.0,-4,-1
639,param_13_7,"[1.0, 0.5]","[-1, 0]",0.0,-4,-1
640,param_13_7,"[0.0, 0.75]","[-1, 0]",0.0,-12,-7
641,param_13_7,"[0.25, 0.75]","[-1, 0]",0.0,-4,-2
642,param_13_7,"[0.5, 0.75]","[-1, 0]",0.0,-4,-1
643,param_13_7,"[0.75, 0.75]","[-1, 0]",0.0,-4,-1
644,param_13_7,"[1.0, 0.75]","[-1, 0]",0.0,-4,-1
645,param_13_7,"[0.0, 1.0]","[-1, 0]",0.0,-12,-7
646,param_13_7,"[0.25, 1.0]","[-1, 0]",0.0,-4,-2
647,param_13_7,"[0.5, 1.0]","[-1, 0]",0.0,-4,-1
648,param_13_7,"[0.75, 1.0]","[-1, 0]",0.0,-4,-1
649,param_13_7,"[1.0, 1.0]","[-1, 0]",0.0,-4,-1
650,param_13_7,"[0.0, 0.0]","[0, -1]",0.0,-7,-12
651,param_13_7,"[0.25, 0.0]","[0, -1]",0.0,-7,-6
652,param_13_7,"[0.5, 0.0]","[0, -1]",0.0,-5,-6
653,param_13_7,"[0.75, 0.0]","[0, -1]",0.0,-5,-6
654,param_13_7,"[1.0, 0.0]","[0, -1]",0.0,-5,-6
655,param_13_7,"[0.0, 0.25]","[0, -1]",0.0,-4,-6
656,param_13_7,"[0.25, 0.25]","[0, -1]",0.0,-4,0
657,param_13_7,"[0.5, 0.25]","[0, -1]",0.0,-5,0
658,param_13_7,"[0.75, 0.25]","[0, -1]",0.0,-5,0
659,param_13_7,"[1.0, 0.25]","[0, -1]",0.0,-5,0
660,param_13_7,"[0.0, 0.5]","[0, -1]",0.0,0,6
661,param_13_7,"[0.25, 0.5]","[0, -1]",0.0,0,4
662,param_13_7,"[0.5, 0.5]","[0, -1]",0.0,0,6
663,param_13_7,"[0.75, 0.5]","[0, -1]",0.0,0,6
664,param_13_7,"[1.0, 0.5]","[0, -1]",0.0,0,6
665,param_13_7,"[0.0, 0.75]","[0, -1]",0.0,0,6
666,param_13_7,"[0.25, 0.75]","[0, -1]",0.0,0,4
667,param_13_7,"[0.5, 0.75]","[0, -1]",0.0,0,6
668,param_13_7,"[0.75, 0.75]","[0, -1]",0.0,0,6
669,param_13_7,"[1.0, 0.75]","[0, -1]",0.0,0,6
670,param_13_7,"[0.0, 1.0]","[0, -1]",0.0,0,6
671,param_13_7,"[0.25, 1.0]","[0, -1]",0.0,0,4
672,param_13_7,"[0.5, 1.0]","[0, -1]",0.0,0,6
673,param_13_7,"[0.75, 1.0]","[0, -1]",0.0,0,6
674,param_13_7,"[1.0, 1.0]","[0, -1]",0.0,0,6
675,param_13_7,"[0.0, 0.0]","[0, 0]",0.0,0,-12
676,param_13_7,"[0.25, 0.0]","[0, 0]",0.0,0,-6
677,param_13_7,"[0.5, 0.0]","[0, 0]",0.0,0,-6
678,param_13_7,"[0.75, 0.0]","[0, 0]",0.0,0,-6
679,param_13_7,"[1.0, 0.0]","[0, 0]",0.0,0,-6
680,param_13_7,"[0.0, 0.25]","[0, 0]",0.0,0,-6
681,param_13_7,"[0.25, 0.25]","[0, 0]",0.0,0,0
682,param_13_7,"[0.5, 0.25]","[0, 0]",0.0,0,0
683,param_13_7,"[0.75, 0.25]","[0, 0]",0.0,0,0
684,param_13_7,"[1.0, 0.25]","[0, 0]",0.0,0,0
685,param_13_7,"[0.0, 0.5]","[0, 0]",0.0,-2,-6
686,param_13_7,"[0.25, 0.5]","[0, 0]",0.0,-1,-1
687,param_13_7,"[0.5, 0.5]","[0, 0]",0.0,-1,0
688,param_13_7,"[0.75, 0.5]","[0, 0]",0.0,-1,0
689,param_13_7,"[1.0, 0.5]","[0, 0]",0.0,-1,0
690,param_13_7,"[0.0, 0.75]","[0, 0]",0.0,-2,-6
691,param_13_7,"[0.25, 0.75]","[0, 0]",0.0,-1,-1
692,param_13_7,"[0.5, 0.75]","[0, 0]",0.0,-1,0
693,param_13_7,"[0.75, 0.75]","[0, 0]",0.0,-1,0
694,param_13_7,"[1.0, 0.75]","[0, 0]",0.0,-1,0
695,param_13_7,"[0.0, 1.0]","[0, 0]",0.0,-2,-6
696,param_13_7,"[0.25, 1.0]","[0, 0]",0.0,-1,-1
697,param_13_7,"[0.5, 1.0]","[0, 0]",0.0,-1,0
698,param_13_7,"[0.75, 1.0]","[0, 0]",0.0,-1,0
699,param_13_7,"[1.0, 1.0]","[0, 0]",0.0,-1,0
700,param_13_8,"[0.0, 0.0]","[-1, -1]",0.0,-7,-12
701,param_13_8,"[0.25, 0.0]","[-1, -1]",0.0,-3,-7
702,param_13_8,"[0.5, 0.0]","[-1, -1]",0.0,0,-7
703,param_13_8,"[0.75, 0.0]","[-1, -1]",0.0,0,-7
704,param_13_8,"[1.0, 0.0]","[-1, -1]",0.0,0,-7
705,param_13_8,"[0.0, 0.25]","[-1, -1]",0.0,-4,-6
706,param_13_8,"[0.25, 0.25]","[-1, -1]",0.0,-3,-1
707,param_13_8,"[0.5, 0.25]","[-1, -1]",0.0,0,0
708,param_13_8,"[0.75, 0.25]","[-1, -1]",0.0,0,0
709,param_13_8,"[1.0, 0.25]","[-1, -1]",0.0,0,0
710,param_13_8,"[0.0, 0.5]","[-1, -1]",0.0,0,6
711,param_13_8,"[0.25, 0.5]","[-1, -1]",0.0,2,8
712,param_13_8,"[0.5, 0.5]","[-1, -1]",0.0,0,14
713,param_13_8,"[0.75, 0.5]","[-1, -1]",0.0,0,14
714,param_13_8,"[1.0, 0.5]","[-1, -1]",0.0,0,14
715,param_13_8,"[0.0, 0.75]","[-1, -1]",0.0,0,6
716,param_13_8,"[0.25, 0.75]","[-1, -1]",0.0,2,8
717,param_13_8,"[0.5, 0.75]","[-1, -1]",0.0,0,14
718,param_13_8,"[0.75, 0.75]","[-1, -1]",0.0,0,14
719,param_13_8,"[1.0, 0.75]","[-1, -1]",0.0,0,14
720,param_13_8,"[0.0, 1.0]","[-1, -1]",0.0,0,6
721,param_13_8,"[0.25, 1.0]","[-1, -1]",0.0,2,8
722,param_13_8,"[0.5, 1.0]","[-1, -1]",0.0,0,14
723,param_13_8,"[0.75, 1.0]","[-1, -1]",0.0,0,14
724,param_13_8,"[1.0, 1.0]","[-1, -1]",0.0,0,14
725,param_13_8,"[0.0, 0.0]","[-1, 0]",0.0,0,-12
726,param_13_8,"[0.25, 0.0]","[-1, 0]",0.0,4,-7
727,param_13_8,"[0.5, 0.0]","[-1, 0]",0.0,0,-7
728,param_13_8,"[0.75, 0.0]","[-1, 0]",0.0,0,-7
729,param_13_8,"[1.0, 0.0]","[-1, 0]",0.0,0,-7
730,param_13_8,"[0.0, 0.25]","[-1, 0]",0.0,0,-6
731,param_13_8,"[0.25, 0.25]","[-1, 0]",0.0,4,-1
732,param_13_8,"[0.5, 0.25]","[-1, 0]",0.0,0,0
733,param_13_8,"[0.75, 0.25]","[-1, 0]",0.0,0,0
734,param_13_8,"[1.0, 0.25]","[-1, 0]",0.0,0,0
735,param_13_8,"[0.0, 0.5]","[-1, 0]",0.0,-2,-6
736,param_13_8,"[0.25, 0.5]","[-1, 0]",0.0,2,-2
737,param_13_8,"[0.5, 0.5]","[-1, 0]",0.0,-2,-1
738,param_13_8,"[0.75, 0.5]","[-1, 0]",0.0,-2,-1
739,param_13_8,"[1.0, 0.5]","[-1, 0]",0.0,-2,-1
740,param_13_8,"[0.0, 0.75]","[-1, 0]",0.0,-2,-6
741,param_13_8,"[0.25, 0.75]","[-1, 0]",0.0,2,-2
742,param_13_8,"[0.5, 0.75]","[-1, 0]",0.0,-2,-1
743,param_13_8,"[0.75, 0.75]","[-1, 0]",0.0,-2,-1
744,param_13_8,"[1.0, 0.75]","[-1, 0]",0.0,-2,-1
745,param_13_8,"[0.0, 1.0]","[-1, 0]",0.0,-2,-6
746,param_13_8,"[0.25, 1.0]","[-1, 0]",0.0,2,-2
747,param_13_8,"[0.5, 1.0]","[-1, 0]",0.0,-2,-1
748,param_13_8,"[0.75, 1.0]","[-1, 0]",0.0,-2,-1
749,param_13_8,"[1.0, 1.0]","[-1, 0]",0.0,-2,-1
750,param_13_8,"[0.0, 0.0]","[0, -1]",0.0,-7,-12
751,param_13_8,"[0.25, 0.0]","[0, -1]",0.0,-7,-7
752,param_13_8,"[0.5, 0.0]","[0, -1]",0.0,-7,-7
753,param_13_8,"[0.75, 0.0]","[0, -1]",0.0,-7,-7
754,param_13_8,"[1.0, 0.0]","[0, -1]",0.0,-7,-7
755,param_13_8,"[0.0, 0.25]","[0, -1]",0.0,-4,-6
756,param_13_8,"[0.25, 0.25]","[0, -1]",0.0,-4,-1
757,param_13_8,"[0.5, 0.25]","[0, -1]",0.0,-5,0
758,param_13_8,"[0.75, 0.25]","[0, -1]",0.0,-5,0
759,param_13_8,"[1.0, 0.25]","[0, -1]",0.0,-5,0
760,param_13_8,"[0.0, 0.5]","[0, -1]",0.0,0,6
761,param_13_8,"[0.25, 0.5]","[0, -1]",0.0,0,4
762,param_13_8,"[0.5, 0.5]","[0, -1]",0.0,8,14
763,param_13_8,"[0.75, 0.5]","[0, -1]",0.0,8,14
764,param_13_8,"[1.0, 0.5]","[0, -1]",0.0,8,14
765,param_13_8,"[0.0, 0.75]","[0, -1]",0.0,0,6
766,param_13_8,"[0.25, 0.75]","[0, -1]",0.0,0,4
767,param_13_8,"[0.5, 0.75]","[0, -1]",0.0,8,14
768,param_13_8,"[0.75, 0.75]","[0, -1]",0.0,8,14
769,param_13_8,"[1.0, 0.75]","[0, -1]",0.0,8,14
770,param_13_8,"[0.0, 1.0]","[0, -1]",0.0,0,6
771,param_13_8,"[0.25, 1.0]","[0, -1]",0.0,0,4
772,param_13_8,"[0.5, 1.0]","[0, -1]",0.0,8,14
773,param_13_8,"[0.75, 1.0]","[0, -1]",0.0,8,14
774,param_13_8,"[1.0, 1.0]","[0, -1]",0.0,8,14
775,param_13_8,"[0.0, 0.0]","[0, 0]",0.0,0,-12
776,param_13_8,"[0.25, 0.0]","[0, 0]",0.0,0,-7
777,param_13_8,"[0.5, 0.0]","[0, 0]",0.0,-2,-7
778,param_13_8,"[0.75, 0.0]","[0, 0]",0.0,-2,-7
779,param_13_8,"[1.0, 0.0]","[0, 0]",0.0,-2,-7
780,param_13_8,"[0.0, 0.25]","[0, 0]",0.0,0,-6
781,param_13_8,"[0.25, 0.25]","[0, 0]",0.0,0,-1
782,param_13_8,"[0.5, 0.25]","[0, 0]",0.0,0,0
783,param_13_8,"[0.75, 0.25]","[0, 0]",0.0,0,0
784,param_13_8,"[1.0, 0.25]","[0, 0]",0.0,0,0
785,param_13_8,"[0.0, 0.5]","[0, 0]",0.0,-2,-6
786,param_13_8,"[0.25, 0.5]","[0, 0]",0.0,-1,-1
787,param_13_8,"[0.5, 0.5]","[0, 0]",0.0,3,-1
788,param_13_8,"[0.75, 0.5]","[0, 0]",0.0,3,-1
789,param_13_8,"[1.0, 0.5]","[0, 0]",0.0,3,-1
790,param_13_8,"[0.0, 0.75]","[0, 0]",0.0,-2,-6
791,param_13_8,"[0.25, 0.75]","[0, 0]",0.0,-1,-1
792,param_13_8,"[0.5, 0.75]","[0, 0]",0.0,3,-1
793,param_13_8,"[0.75, 0.75]","[0, 0]",0.0,3,-1
794,param_13_8,"[1.0, 0.75]","[0, 0]",0.0,3,-1
795,param_13_8,"[0.0, 1.0]","[0, 0]",0.0,-2,-6
796,param_13_8,"[0.25, 1.0]","[0, 0]",0.0,-1,-1
797,param_13_8,"[0.5, 1.0]","[0, 0]",0.0,3,-1
798,param_13_8,"[0.75, 1.0]","[0, 0]",0.0,3,-1
799,param_13_8,"[1.0, 1.0]","[0, 0]",0.0,3,-1
800,param_13_9,"[0.0, 0.0]","[-1, -1]",0.0,-12,-12
801,param_13_9,"[0.25, 0.0]","[-1, -1]",0.0,-9,-6
802,param_13_9,"[0.5, 0.0]","[-1, -1]",0.0,-4,-1
803,param_13_9,"[0.75, 0.0]","[-1, -1]",0.0,-4,-1
804,param_13_9,"[1.0, 0.0]","[-1, -1]",0.0,-4,-1
805,param_13_9,"[0.0, 0.25]","[-1, -1]",0.0,-9,-6
806,param_13_9,"[0.25, 0.25]","[-1, -1]",0.0,-2,7
807,param_13_9,"[0.5, 0.25]","[-1, -1]",0.0,-3,7
808,param_13_9,"[0.75, 0.25]","[-1, -1]",0.0,-3,7
809,param_13_9,"[1.0, 0.25]","[-1, -1]",0.0,-3,7
810,param_13_9,"[0.0, 0.5]","[-1, -1]",0.0,-2,6
811,param_13_9,"[0.25, 0.5]","[-1, -1]",0.0,-2,7
812,param_13_9,"[0.5, 0.5]","[-1, -1]",0.0,0,11
813,param_13_9,"[0.75, 0.5]","[-1, -1]",0.0,0,11
814,param_13_9,"[1.0, 0.5]","[-1, -1]",0.0,0,11
815,param_13_9,"[0.0, 0.75]","[-1, -1]",0.0,-2,6
816,param_13_9,"[0.25, 0.75]","[-1, -1]",0.0,-2,7
817,param_13_9,"[0.5, 0.75]","[-1, -1]",0.0,0,11
818,param_13_9,"[0.75, 0.75]","[-1, -1]",0.0,0,11
819,param_13_9,"[1.0, 0.75]","[-1, -1]",0.0,0,11
820,param_13_9,"[0.0, 1.0]","[-1, -1]",0.0,-2,6
821,param_13_9,"[0.25, 1.0]","[-1, -1]",0.0,-2,7
822,param_13_9,"[0.5, 1.0]","[-1, -1]",0.0,0,11
823,param_13_9,"[0.75, 1.0]","[-1, -1]",0.0,0,11
824,param_13_9,"[1.0, 1.0]","[-1, -1]",0.0,0,11
825,param_13_9,"[0.0, 0.0]","[-1, 0]",0.0,-8,-12
826,param_13_9,"[0.25, 0.0]","[-1, 0]",0.0,-5,-6
827,param_13_9,"[0.5, 0.0]","[-1, 0]",0.0,0,-1
828,param_13_9,"[0.75, 0.0]","[-1, 0]",0.0,0,-1
829,param_13_9,"[1.0, 0.0]","[-1, 0]",0.0,0,-1
830,param_13_9,"[0.0, 0.25]","[-1, 0]",0.0,-8,-6
831,param_13_9,"[0.25, 0.25]","[-1, 0]",0.0,-5,0
832,param_13_9,"[0.5, 0.25]","[-1, 0]",0.0,0,7
833,param_13_9,"[0.75, 0.25]","[-1, 0]",0.0,0,7
834,param_13_9,"[1.0, 0.25]","[-1, 0]",0.0,0,7
835,param_13_9,"[0.0, 0.5]","[-1, 0]",0.0,-8,-6
836,param_13_9,"[0.25, 0.5]","[-1, 0]",0.0,-5,0
837,param_13_9,"[0.5, 0.5]","[-1, 0]",0.0,0,5
838,param_13_9,"[0.75, 0.5]","[-1, 0]",0.0,0,5
839,param_13_9,"[1.0, 0.5]","[-1, 0]",0.0,0,5
840,param_13_9,"[0.0, 0.75]","[-1, 0]",0.0,-8,-6
841,param_13_9,"[0.25, 0.75]","[-1, 0]",0.0,-5,0
842,param_13_9,"[0.5, 0.75]","[-1, 0]",0.0,0,5
843,param_13_9,"[0.75, 0.75]","[-1, 0]",0.0,0,5
844,param_13_9,"[1.0, 0.75]","[-1, 0]",0.0,0,5
845,param_13_9,"[0.0, 1.0]","[-1, 0]",0.0,-8,-6
846,param_13_9,"[0.25, 1.0]","[-1, 0]",0.0,-5,0
847,param_13_9,"[0.5, 1.0]","[-1, 0]",0.0,0,5
848,param_13_9,"[0.75, 1.0]","[-1, 0]",0.0,0,5
849,param_13_9,"[1.0, 1.0]","[-1, 0]",0.0,0,5
850,param_13_9,"[0.0, 0.0]","[0, -1]",0.0,0,-11
851,param_13_9,"[0.25, 0.0]","[0, -1]",0.0,0,-5
852,param_13_9,"[0.5, 0.0]","[0, -1]",0.0,-1,-6
853,param_13_9,"[0.75, 0.0]","[0, -1]",0.0,-1,-6
854,param_13_9,"[1.0, 0.0]","[0, -1]",0.0,-1,-6
855,param_13_9,"[0.0, 0.25]","[0, -1]",-0.5,3,-5
856,param_13_9,"[0.25, 0.25]","[0, -1]",-0.5,10,8
857,param_13_9,"[0.5, 0.25]","[0, -1]",-0.5,2,0
858,param_13_9,"[0.75, 0.25]","[0, -1]",-0.5,2,0
859,param_13_9,"[1.0, 0.25]","[0, -1]",-0.5,2,0
860,param_13_9,"[0.0, 0.5]","[0, -1]",0.0,0,6
861,param_13_9,"[0.25, 0.5]","[0, -1]",0.0,0,7
862,param_13_9,"[0.5, 0.5]","[0, -1]",0.0,0,4
863,param_13_9,"[0.75, 0.5]","[0, -1]",0.0,0,4
864,param_13_9,"[1.0, 0.5]","[0, -1]",0.0,0,4
865,param_13_9,"[0.0, 0.75]","[0, -1]",0.0,0,6
866,param_13_9,"[0.25, 0.75]","[0, -1]",0.0,0,7
867,param_13_9,"[0.5, 0.75]","[0, -1]",0.0,0,4
868,param_13_9,"[0.75, 0.75]","[0, -1]",0.0,0,4
869,param_13_9,"[1.0, 0.75]","[0, -1]",0.0,0,4
870,param_13_9,"[0.0, 1.0]","[0, -1]",0.0,0,6
871,param_13_9,"[0.25, 1.0]","[0, -1]",0.0,0,7
872,param_13_9,"[0.5, 1.0]","[0, -1]",0.0,0,4
873,param_13_9,"[0.75, 1.0]","[0, -1]",0.0,0,4
874,param_13_9,"[1.0, 1.0]","[0, -1]",0.0,0,4
875,param_13_9,"[0.0, 0.0]","[0, 0]",0.0,0,-11
876,param_13_9,"[0.25, 0.0]","[0, 0]",0.0,0,-5
877,param_13_9,"[0.5, 0.0]","[0, 0]",0.0,-1,-6
878,param_13_9,"[0.75, 0.0]","[0, 0]",0.0,-1,-6
879,param_13_9,"[1.0, 0.0]","[0, 0]",0.0,-1,-6
880,param_13_9,"[0.0, 0.25]","[0, 0]",-0.5,0,-5
881,param_13_9,"[0.25, 0.25]","[0, 0]",-0.5,0,1
882,param_13_9,"[0.5, 0.25]","[0, 0]",-0.5,-1,0
883,param_13_9,"[0.75, 0.25]","[0, 0]",-0.5,-1,0
884,param_13_9,"[1.0, 0.25]","[0, 0]",-0.5,-1,0
885,param_13_9,"[0.0, 0.5]","[0, 0]",0.0,-6,-6
886,param_13_9,"[0.25, 0.5]","[0, 0]",0.0,-6,0
887,param_13_9,"[0.5, 0.5]","[0, 0]",0.0,-5,-1
888,param_13_9,"[0.75, 0.5]","[0, 0]",0.0,-5,-1
889,param_13_9,"[1.0, 0.5]","[0, 0]",0.0,-5,-1
890,param_13_9,"[0.0, 0.75]","[0, 0]",0.0,-6,-6
891,param_13_9,"[0.25, 0.75]","[0, 0]",0.0,-6,0
892,param_13_9,"[0.5, 0.75]","[0, 0]",0.0,-5,-1
893,param_13_9,"[0.75, 0.75]","[0, 0]",0.0,-5,-1
894,param_13_9,"[1.0, 0.75]","[0, 0]",0.0,-5,-1
895,param_13_9,"[0.0, 1.0]","[0, 0]",0.0,-6,-6
896,param_13_9,"[0.25, 1.0]","[0, 0]",0.0,-6,0
897,param_13_9,"[0.5, 1.0]","[0, 0]",0.0,-5,-1
898,param_13_9,"[0.75, 1.0]","[0, 0]",0.0,-5,-1
899,param_13_9,"[1.0, 1.0]","[0, 0]",0.0,-5,-1
900,param_13_11,"[0.0, 0.0]","[-1, -1]",0.0,0,-12
901,param_13_11,"[0.25, 0.0]","[-1, -1]",0.0,4,-7
902,param_13_11,"[0.5, 0.0]","[-1, -1]",0.0,0,-7
903,param_13_11,"[0.75, 0.0]","[-1, -1]",0.0,0,-7
904,param_13_11,"[1.0, 0.0]","[-1, -1]",0.0,0,-7
905,param_13_11,"[0.0, 0.25]","[-1, -1]",-0.5,4,-6
906,param_13_11,"[0.25, 0.25]","[-1, -1]",-0.5,4,0
907,param_13_11,"[0.5, 0.25]","[-1, -1]",-0.5,0,0
908,param_13_11,"[0.75, 0.25]","[-1, -1]",-0.5,0,0
909,param_13_11,"[1.0, 0.25]","[-1, -1]",-0.5,0,0
910,param_13_11,"[0.0, 0.5]","[-1, -1]",0.0,2,0
911,param_13_11,"[0.25, 0.5]","[-1, -1]",0.0,3,-1
912,param_13_11,"[0.5, 0.5]","[-1, -1]",0.0,0,5
913,param_13_11,"[0.75, 0.5]","[-1, -1]",0.0,0,5
914,param_13_11,"[1.0, 0.5]","[-1, -1]",0.0,0,5
915,param_13_11,"[0.0, 0.75]","[-1, -1]",0.0,2,0
916,param_13_11,"[0.25, 0.75]","[-1, -1]",0.0,3,-1
917,param_13_11,"[0.5, 0.75]","[-1, -1]",0.0,0,5
918,param_13_11,"[0.75, 0.75]","[-1, -1]",0.0,0,5
919,param_13_11,"[1.0, 0.75]","[-1, -1]",0.0,0,5
920,param_13_11,"[0.0, 1.0]","[-1, -1]",0.0,2,0
921,param_13_11,"[0.25, 1.0]","[-1, -1]",0.0,3,-1
922,param_13_11,"[0.5, 1.0]","[-1, -1]",0.0,0,5
923,param_13_11,"[0.75, 1.0]","[-1, -1]",0.0,0,5
924,param_13_11,"[1.0, 1.0]","[-1, -1]",0.0,0,5
925,param_13_11,"[0.0, 0.0]","[-1, 0]",0.0,0,-12
926,param_13_11,"[0.25, 0.0]","[-1, 0]",0.0,4,-7
927,param_13_11,"[0.5, 0.0]","[-1, 0]",0.0,0,-7
928,param_13_11,"[0.75, 0.0]","[-1, 0]",0.0,0,-7
929,param_13_11,"[1.0, 0.0]","[-1, 0]",0.0,0,-7
930,param_13_11,"[0.0, 0.25]","[-1, 0]",-0.5,0,-6
931,param_13_11,"[0.25, 0.25]","[-1, 0]",-0.5,4,0
932,param_13_11,"[0.5, 0.25]","[-1, 0]",-0.5,0,0
933,param_13_11,"[0.75, 0.25]","[-1, 0]",-0.5,0,0
934,param_13_11,"[1.0, 0.25]","[-1, 0]",-0.5,0,0
935,param_13_11,"[0.0, 0.5]","[-1, 0]",0.0,-6,-6
936,param_13_11,"[0.25, 0.5]","[-1, 0]",0.0,-2,-1
937,param_13_11,"[0.5, 0.5]","[-1, 0]",0.0,-5,-1
938,param_13_11,"[0.75, 0.5]","[-1, 0]",0.0,-5,-1
939,param_13_11,"[1.0, 0.5]","[-1, 0]",0.0,-5,-1
940,param_13_11,"[0.0, 0.75]","[-1, 0]",0.0,-6,-6
941,param_13_11,"[0.25, 0.75]","[-1, 0]",0.0,-2,-1
942,param_13_11,"[0.5, 0.75]","[-1, 0]",0.0,-5,-1
943,param_13_11,"[0.75, 0.75]","[-1, 0]",0.0,-5,-1
944,param_13_11,"[1.0, 0.75]","[-1, 0]",0.0,-5,-1
945,param_13_11,"[0.0, 1.0]","[-1, 0]",0.0,-6,-6
946,param_13_11,"[0.25, 1.0]","[-1, 0]",0.0,-2,-1
947,param_13_11,"[0.5, 1.0]","[-1, 0]",0.0,-5,-1
948,param_13_11,"[0.75, 1.0]","[-1, 0]",0.0,-5,-1
949,param_13_11,"[1.0, 1.0]","[-1, 0]",0.0,-5,-1
950,param_13_11,"[0.0, 0.0]","[0, -1]",0.0,0,-12
951,param_13_11,"[0.25, 0.0]","[0, -1]",0.0,0,-7
952,param_13_11,"[0.5, 0.0]","[0, -1]",0.0,-2,-7
953,param_13_11,"[0.75, 0.0]","[0, -1]",0.0,-2,-7
954,param_13_11,"[1.0, 0.0]","[0, -1]",0.0,-2,-7
955,param_13_11,"[0.0, 0.25]","[0, -1]",-0.5,4,-6
956,param_13_11,"[0.25, 0.25]","[0, -1]",-0.5,0,-2
957,param_13_11,"[0.5, 0.25]","[0, -1]",-0.5,0,0
958,param_13_11,"[0.75, 0.25]","[0, -1]",-0.5,0,0
959,param_13_11,"[1.0, 0.25]","[0, -1]",-0.5,0,0
960,param_13_11,"[0.0, 0.5]","[0, -1]",0.0,0,0
961,param_13_11,"[0.25, 0.5]","[0, -1]",0.0,0,-1
962,param_13_11,"[0.5, 0.5]","[0, -1]",0.0,6,5
963,param_13_11,"[0.75, 0.5]","[0, -1]",0.0,6,5
964,param_13_11,"[1.0, 0.5]","[0, -1]",0.0,6,5
965,param_13_11,"[0.0, 0.75]","[0, -1]",0.0,0,0
966,param_13_11,"[0.25, 0.75]","[0, -1]",0.0,0,-1
967,param_13_11,"[0.5, 0.75]","[0, -1]",0.0,6,5
968,param_13_11,"[0.75, 0.75]","[0, -1]",0.0,6,5
969,param_13_11,"[1.0, 0.75]","[0, -1]",0.0,6,5
970,param_13_11,"[0.0, 1.0]","[0, -1]",0.0,0,0
971,param_13_11,"[0.25, 1.0]","[0, -1]",0.0,0,-1
972,param_13_11,"[0.5, 1.0]","[0, -1]",0.0,6,5
973,param_13_11,"[0.75, 1.0]","[0, -1]",0.0,6,5
974,param_13_11,"[1.0, 1.0]","[0, -1]",0.0,6,5
975,param_13_11,"[0.0, 0.0]","[0, 0]",0.0,0,-12
976,param_13_11,"[0.25, 0.0]","[0, 0]",0.0,0,-7
977,param_13_11,"[0.5, 0.0]","[0, 0]",0.0,-2,-7
978,param_13_11,"[0.75, 0.0]","[0, 0]",0.0,-2,-7
979,param_13_11,"[1.0, 0.0]","[0, 0]",0.0,-2,-7
980,param_13_11,"[0.0, 0.25]","[0, 0]",-0.5,0,-6
981,param_13_11,"[0.25, 0.25]","[0, 0]",-0.5,0,-2
982,param_13_11,"[0.5, 0.25]","[0, 0]",-0.5,0,0
983,param_13_11,"[0.75, 0.25]","[0, 0]",-0.5,0,0
984,param_13_11,"[1.0, 0.25]","[0, 0]",-0.5,0,0
985,param_13_11,"[0.0, 0.5]","[0, 0]",0.0,-6,-6
986,param_13_11,"[0.25, 0.5]","[0, 0]",0.0,-1,-1
987,param_13_11,"[0.5, 0.5]","[0, 0]",0.0,0,-1
988,param_13_11,"[0.75, 0.5]","[0, 0]",0.0,0,-1
989,param_13_11,"[1.0, 0.5]","[0, 0]",0.0,0,-1
990,param_13_11,"[0.0, 0.75]","[0, 0]",0.0,-6,-6
991,param_13_11,"[0.25, 0.75]","[0, 0]",0.0,-1,-1
992,param_13_11,"[0.5, 0.75]","[0, 0]",0.0,0,-1
993,param_13_11,"[0.75, 0.75]","[0, 0]",0.0,0,-1
994,param_13_11,"[1.0, 0.75]","[0, 0]",0.0,0,-1
995,param_13_11,"[0.0, 1.0]","[0, 0]",0.0,-6,-6
996,param_13_11,"[0.25, 1.0]","[0, 0]",0.0,-1,-1
997,param_13_11,"[0.5, 1.0]","[0, 0]",0.0,0,-1
998,param_13_11,"[0.75, 1.0]","[0, 0]",0.0,0,-1
999,param_13_11,"[1.0, 1.0]","[0, 0]",0.0,0,-1
