,param,initial_risk,intervention,cumlative_risk,travel_time,request_time
0,param_1_high_perf,"[0.0, 0.0]","[-1, -1]",0,-16,-12
1,param_1_high_perf,"[0.25, 0.0]","[-1, -1]",0,-7,-7
2,param_1_high_perf,"[0.0, 0.25]","[-1, -1]",0,-8,-8
3,param_1_high_perf,"[0.25, 0.25]","[-1, -1]",0,0,1
4,param_1_high_perf,"[0.5, 0.0]","[-1, -1]",0,-7,-11
5,param_1_high_perf,"[0.5, 0.25]","[-1, -1]",0,0,-4
6,param_1_high_perf,"[0.75, 0.0]","[-1, -1]",0,-7,-11
7,param_1_high_perf,"[0.75, 0.25]","[-1, -1]",0,0,-4
8,param_1_high_perf,"[1.0, 0.0]","[-1, -1]",0,-7,-11
9,param_1_high_perf,"[1.0, 0.25]","[-1, -1]",0,0,-4
10,param_1_high_perf,"[0.0, 0.5]","[-1, -1]",0,-5,-8
11,param_1_high_perf,"[0.0, 0.75]","[-1, -1]",0,-5,-8
12,param_1_high_perf,"[0.0, 1.0]","[-1, -1]",0,-5,-8
13,param_1_high_perf,"[0.25, 0.5]","[-1, -1]",0,0,1
14,param_1_high_perf,"[0.25, 0.75]","[-1, -1]",0,0,1
15,param_1_high_perf,"[0.25, 1.0]","[-1, -1]",0,0,1
16,param_1_high_perf,"[0.5, 0.5]","[-1, -1]",0,0,-4
17,param_1_high_perf,"[0.5, 0.75]","[-1, -1]",0,0,-4
18,param_1_high_perf,"[0.5, 1.0]","[-1, -1]",0,0,-4
19,param_1_high_perf,"[0.75, 0.5]","[-1, -1]",0,0,-4
20,param_1_high_perf,"[0.75, 0.75]","[-1, -1]",0,0,-4
21,param_1_high_perf,"[0.75, 1.0]","[-1, -1]",0,0,-4
22,param_1_high_perf,"[1.0, 0.5]","[-1, -1]",0,0,-4
23,param_1_high_perf,"[1.0, 0.75]","[-1, -1]",0,0,-4
24,param_1_high_perf,"[1.0, 1.0]","[-1, -1]",0,0,-4
25,param_1_high_perf,"[0.0, 0.0]","[-1, 0]",0,-12,-12
26,param_1_high_perf,"[0.25, 0.0]","[-1, 0]",0,-3,-7
27,param_1_high_perf,"[0.0, 0.25]","[-1, 0]",0,-7,-8
28,param_1_high_perf,"[0.25, 0.25]","[-1, 0]",0,-3,-3
29,param_1_high_perf,"[0.5, 0.0]","[-1, 0]",0,-3,-11
30,param_1_high_perf,"[0.5, 0.25]","[-1, 0]",0,-3,-8
31,param_1_high_perf,"[0.75, 0.0]","[-1, 0]",0,-3,-11
32,param_1_high_perf,"[0.75, 0.25]","[-1, 0]",0,-3,-8
33,param_1_high_perf,"[1.0, 0.0]","[-1, 0]",0,-3,-11
34,param_1_high_perf,"[1.0, 0.25]","[-1, 0]",0,-3,-8
35,param_1_high_perf,"[0.0, 0.5]","[-1, 0]",0,-5,-8
36,param_1_high_perf,"[0.0, 0.75]","[-1, 0]",0,-5,-8
37,param_1_high_perf,"[0.0, 1.0]","[-1, 0]",0,-5,-8
38,param_1_high_perf,"[0.25, 0.5]","[-1, 0]",0,-3,-3
39,param_1_high_perf,"[0.25, 0.75]","[-1, 0]",0,-3,-3
40,param_1_high_perf,"[0.25, 1.0]","[-1, 0]",0,-3,-3
41,param_1_high_perf,"[0.5, 0.5]","[-1, 0]",0,-3,-8
42,param_1_high_perf,"[0.5, 0.75]","[-1, 0]",0,-3,-8
43,param_1_high_perf,"[0.5, 1.0]","[-1, 0]",0,-3,-8
44,param_1_high_perf,"[0.75, 0.5]","[-1, 0]",0,-3,-8
45,param_1_high_perf,"[0.75, 0.75]","[-1, 0]",0,-3,-8
46,param_1_high_perf,"[0.75, 1.0]","[-1, 0]",0,-3,-8
47,param_1_high_perf,"[1.0, 0.5]","[-1, 0]",0,-3,-8
48,param_1_high_perf,"[1.0, 0.75]","[-1, 0]",0,-3,-8
49,param_1_high_perf,"[1.0, 1.0]","[-1, 0]",0,-3,-8
50,param_1_high_perf,"[0.0, 0.0]","[0, -1]",0,-14,-12
51,param_1_high_perf,"[0.25, 0.0]","[0, -1]",0,-9,-8
52,param_1_high_perf,"[0.0, 0.25]","[0, -1]",0,-6,-8
53,param_1_high_perf,"[0.25, 0.25]","[0, -1]",0,0,-3
54,param_1_high_perf,"[0.5, 0.0]","[0, -1]",0,-5,-11
55,param_1_high_perf,"[0.5, 0.25]","[0, -1]",0,2,-4
56,param_1_high_perf,"[0.75, 0.0]","[0, -1]",0,-5,-11
57,param_1_high_perf,"[0.75, 0.25]","[0, -1]",0,2,-4
58,param_1_high_perf,"[1.0, 0.0]","[0, -1]",0,-5,-11
59,param_1_high_perf,"[1.0, 0.25]","[0, -1]",0,2,-4
60,param_1_high_perf,"[0.0, 0.5]","[0, -1]",0,-3,-8
61,param_1_high_perf,"[0.0, 0.75]","[0, -1]",0,-3,-8
62,param_1_high_perf,"[0.0, 1.0]","[0, -1]",0,-3,-8
63,param_1_high_perf,"[0.25, 0.5]","[0, -1]",0,0,-3
64,param_1_high_perf,"[0.25, 0.75]","[0, -1]",0,0,-3
65,param_1_high_perf,"[0.25, 1.0]","[0, -1]",0,0,-3
66,param_1_high_perf,"[0.5, 0.5]","[0, -1]",0,2,-4
67,param_1_high_perf,"[0.5, 0.75]","[0, -1]",0,2,-4
68,param_1_high_perf,"[0.5, 1.0]","[0, -1]",0,2,-4
69,param_1_high_perf,"[0.75, 0.5]","[0, -1]",0,2,-4
70,param_1_high_perf,"[0.75, 0.75]","[0, -1]",0,2,-4
71,param_1_high_perf,"[0.75, 1.0]","[0, -1]",0,2,-4
72,param_1_high_perf,"[1.0, 0.5]","[0, -1]",0,2,-4
73,param_1_high_perf,"[1.0, 0.75]","[0, -1]",0,2,-4
74,param_1_high_perf,"[1.0, 1.0]","[0, -1]",0,2,-4
75,param_1_high_perf,"[0.0, 0.0]","[0, 0]",0,-11,-12
76,param_1_high_perf,"[0.25, 0.0]","[0, 0]",0,-6,-8
77,param_1_high_perf,"[0.0, 0.25]","[0, 0]",0,-6,-8
78,param_1_high_perf,"[0.25, 0.25]","[0, 0]",0,-2,-3
79,param_1_high_perf,"[0.5, 0.0]","[0, 0]",0,-2,-11
80,param_1_high_perf,"[0.5, 0.25]","[0, 0]",0,-2,-8
81,param_1_high_perf,"[0.75, 0.0]","[0, 0]",0,-2,-11
82,param_1_high_perf,"[0.75, 0.25]","[0, 0]",0,-2,-8
83,param_1_high_perf,"[1.0, 0.0]","[0, 0]",0,-2,-11
84,param_1_high_perf,"[1.0, 0.25]","[0, 0]",0,-2,-8
85,param_1_high_perf,"[0.0, 0.5]","[0, 0]",0,-4,-8
86,param_1_high_perf,"[0.0, 0.75]","[0, 0]",0,-4,-8
87,param_1_high_perf,"[0.0, 1.0]","[0, 0]",0,-4,-8
88,param_1_high_perf,"[0.25, 0.5]","[0, 0]",0,-2,-3
89,param_1_high_perf,"[0.25, 0.75]","[0, 0]",0,-2,-3
90,param_1_high_perf,"[0.25, 1.0]","[0, 0]",0,-2,-3
91,param_1_high_perf,"[0.5, 0.5]","[0, 0]",0,-2,-8
92,param_1_high_perf,"[0.5, 0.75]","[0, 0]",0,-2,-8
93,param_1_high_perf,"[0.5, 1.0]","[0, 0]",0,-2,-8
94,param_1_high_perf,"[0.75, 0.5]","[0, 0]",0,-2,-8
95,param_1_high_perf,"[0.75, 0.75]","[0, 0]",0,-2,-8
96,param_1_high_perf,"[0.75, 1.0]","[0, 0]",0,-2,-8
97,param_1_high_perf,"[1.0, 0.5]","[0, 0]",0,-2,-8
98,param_1_high_perf,"[1.0, 0.75]","[0, 0]",0,-2,-8
99,param_1_high_perf,"[1.0, 1.0]","[0, 0]",0,-2,-8
100,param_2_high_perf,"[0.0, 0.0]","[-1, -1]",0,-16,-12
101,param_2_high_perf,"[0.25, 0.0]","[-1, -1]",0,-8,-8
102,param_2_high_perf,"[0.0, 0.25]","[-1, -1]",0,-8,-8
103,param_2_high_perf,"[0.25, 0.25]","[-1, -1]",0,0,0
104,param_2_high_perf,"[0.5, 0.0]","[-1, -1]",0,-8,-12
105,param_2_high_perf,"[0.5, 0.25]","[-1, -1]",0,0,-4
106,param_2_high_perf,"[0.75, 0.0]","[-1, -1]",0,-8,-12
107,param_2_high_perf,"[0.75, 0.25]","[-1, -1]",0,0,-4
108,param_2_high_perf,"[1.0, 0.0]","[-1, -1]",0,-8,-12
109,param_2_high_perf,"[1.0, 0.25]","[-1, -1]",0,0,-4
110,param_2_high_perf,"[0.0, 0.5]","[-1, -1]",0,-5,-8
111,param_2_high_perf,"[0.0, 0.75]","[-1, -1]",0,-5,-8
112,param_2_high_perf,"[0.0, 1.0]","[-1, -1]",0,-5,-8
113,param_2_high_perf,"[0.25, 0.5]","[-1, -1]",0,0,0
114,param_2_high_perf,"[0.25, 0.75]","[-1, -1]",0,0,0
115,param_2_high_perf,"[0.25, 1.0]","[-1, -1]",0,0,0
116,param_2_high_perf,"[0.5, 0.5]","[-1, -1]",0,0,-4
117,param_2_high_perf,"[0.5, 0.75]","[-1, -1]",0,0,-4
118,param_2_high_perf,"[0.5, 1.0]","[-1, -1]",0,0,-4
119,param_2_high_perf,"[0.75, 0.5]","[-1, -1]",0,0,-4
120,param_2_high_perf,"[0.75, 0.75]","[-1, -1]",0,0,-4
121,param_2_high_perf,"[0.75, 1.0]","[-1, -1]",0,0,-4
122,param_2_high_perf,"[1.0, 0.5]","[-1, -1]",0,0,-4
123,param_2_high_perf,"[1.0, 0.75]","[-1, -1]",0,0,-4
124,param_2_high_perf,"[1.0, 1.0]","[-1, -1]",0,0,-4
125,param_2_high_perf,"[0.0, 0.0]","[-1, 0]",0,-12,-12
126,param_2_high_perf,"[0.25, 0.0]","[-1, 0]",0,-4,-8
127,param_2_high_perf,"[0.0, 0.25]","[-1, 0]",0,-7,-8
128,param_2_high_perf,"[0.25, 0.25]","[-1, 0]",0,-4,-4
129,param_2_high_perf,"[0.5, 0.0]","[-1, 0]",0,-4,-12
130,param_2_high_perf,"[0.5, 0.25]","[-1, 0]",0,-4,-8
131,param_2_high_perf,"[0.75, 0.0]","[-1, 0]",0,-4,-12
132,param_2_high_perf,"[0.75, 0.25]","[-1, 0]",0,-4,-8
133,param_2_high_perf,"[1.0, 0.0]","[-1, 0]",0,-4,-12
134,param_2_high_perf,"[1.0, 0.25]","[-1, 0]",0,-4,-8
135,param_2_high_perf,"[0.0, 0.5]","[-1, 0]",0,-7,-8
136,param_2_high_perf,"[0.0, 0.75]","[-1, 0]",0,-7,-8
137,param_2_high_perf,"[0.0, 1.0]","[-1, 0]",0,-7,-8
138,param_2_high_perf,"[0.25, 0.5]","[-1, 0]",0,-4,-4
139,param_2_high_perf,"[0.25, 0.75]","[-1, 0]",0,-4,-4
140,param_2_high_perf,"[0.25, 1.0]","[-1, 0]",0,-4,-4
141,param_2_high_perf,"[0.5, 0.5]","[-1, 0]",0,-4,-8
142,param_2_high_perf,"[0.5, 0.75]","[-1, 0]",0,-4,-8
143,param_2_high_perf,"[0.5, 1.0]","[-1, 0]",0,-4,-8
144,param_2_high_perf,"[0.75, 0.5]","[-1, 0]",0,-4,-8
145,param_2_high_perf,"[0.75, 0.75]","[-1, 0]",0,-4,-8
146,param_2_high_perf,"[0.75, 1.0]","[-1, 0]",0,-4,-8
147,param_2_high_perf,"[1.0, 0.5]","[-1, 0]",0,-4,-8
148,param_2_high_perf,"[1.0, 0.75]","[-1, 0]",0,-4,-8
149,param_2_high_perf,"[1.0, 1.0]","[-1, 0]",0,-4,-8
150,param_2_high_perf,"[0.0, 0.0]","[0, -1]",0,-16,-12
151,param_2_high_perf,"[0.25, 0.0]","[0, -1]",0,-11,-8
152,param_2_high_perf,"[0.0, 0.25]","[0, -1]",0,-8,-8
153,param_2_high_perf,"[0.25, 0.25]","[0, -1]",0,0,0
154,param_2_high_perf,"[0.5, 0.0]","[0, -1]",0,-8,-12
155,param_2_high_perf,"[0.5, 0.25]","[0, -1]",0,0,-4
156,param_2_high_perf,"[0.75, 0.0]","[0, -1]",0,-8,-12
157,param_2_high_perf,"[0.75, 0.25]","[0, -1]",0,0,-4
158,param_2_high_perf,"[1.0, 0.0]","[0, -1]",0,-8,-12
159,param_2_high_perf,"[1.0, 0.25]","[0, -1]",0,0,-4
160,param_2_high_perf,"[0.0, 0.5]","[0, -1]",0,-5,-8
161,param_2_high_perf,"[0.0, 0.75]","[0, -1]",0,-5,-8
162,param_2_high_perf,"[0.0, 1.0]","[0, -1]",0,-5,-8
163,param_2_high_perf,"[0.25, 0.5]","[0, -1]",0,0,0
164,param_2_high_perf,"[0.25, 0.75]","[0, -1]",0,0,0
165,param_2_high_perf,"[0.25, 1.0]","[0, -1]",0,0,0
166,param_2_high_perf,"[0.5, 0.5]","[0, -1]",0,0,-4
167,param_2_high_perf,"[0.5, 0.75]","[0, -1]",0,0,-4
168,param_2_high_perf,"[0.5, 1.0]","[0, -1]",0,0,-4
169,param_2_high_perf,"[0.75, 0.5]","[0, -1]",0,0,-4
170,param_2_high_perf,"[0.75, 0.75]","[0, -1]",0,0,-4
171,param_2_high_perf,"[0.75, 1.0]","[0, -1]",0,0,-4
172,param_2_high_perf,"[1.0, 0.5]","[0, -1]",0,0,-4
173,param_2_high_perf,"[1.0, 0.75]","[0, -1]",0,0,-4
174,param_2_high_perf,"[1.0, 1.0]","[0, -1]",0,0,-4
175,param_2_high_perf,"[0.0, 0.0]","[0, 0]",0,-12,-12
176,param_2_high_perf,"[0.25, 0.0]","[0, 0]",0,-7,-8
177,param_2_high_perf,"[0.0, 0.25]","[0, 0]",0,-7,-8
178,param_2_high_perf,"[0.25, 0.25]","[0, 0]",0,-7,-4
179,param_2_high_perf,"[0.5, 0.0]","[0, 0]",0,-4,-12
180,param_2_high_perf,"[0.5, 0.25]","[0, 0]",0,-4,-8
181,param_2_high_perf,"[0.75, 0.0]","[0, 0]",0,-4,-12
182,param_2_high_perf,"[0.75, 0.25]","[0, 0]",0,-4,-8
183,param_2_high_perf,"[1.0, 0.0]","[0, 0]",0,-4,-12
184,param_2_high_perf,"[1.0, 0.25]","[0, 0]",0,-4,-8
185,param_2_high_perf,"[0.0, 0.5]","[0, 0]",0,-7,-8
186,param_2_high_perf,"[0.0, 0.75]","[0, 0]",0,-7,-8
187,param_2_high_perf,"[0.0, 1.0]","[0, 0]",0,-7,-8
188,param_2_high_perf,"[0.25, 0.5]","[0, 0]",0,-7,-4
189,param_2_high_perf,"[0.25, 0.75]","[0, 0]",0,-7,-4
190,param_2_high_perf,"[0.25, 1.0]","[0, 0]",0,-7,-4
191,param_2_high_perf,"[0.5, 0.5]","[0, 0]",0,-4,-8
192,param_2_high_perf,"[0.5, 0.75]","[0, 0]",0,-4,-8
193,param_2_high_perf,"[0.5, 1.0]","[0, 0]",0,-4,-8
194,param_2_high_perf,"[0.75, 0.5]","[0, 0]",0,-4,-8
195,param_2_high_perf,"[0.75, 0.75]","[0, 0]",0,-4,-8
196,param_2_high_perf,"[0.75, 1.0]","[0, 0]",0,-4,-8
197,param_2_high_perf,"[1.0, 0.5]","[0, 0]",0,-4,-8
198,param_2_high_perf,"[1.0, 0.75]","[0, 0]",0,-4,-8
199,param_2_high_perf,"[1.0, 1.0]","[0, 0]",0,-4,-8
200,param_3_high_perf,"[0.0, 0.0]","[-1, -1]",0,-18,-12
201,param_3_high_perf,"[0.25, 0.0]","[-1, -1]",0,-10,-8
202,param_3_high_perf,"[0.0, 0.25]","[-1, -1]",0,-7,-4
203,param_3_high_perf,"[0.25, 0.25]","[-1, -1]",0,0,4
204,param_3_high_perf,"[0.5, 0.0]","[-1, -1]",0,-10,-12
205,param_3_high_perf,"[0.5, 0.25]","[-1, -1]",0,0,0
206,param_3_high_perf,"[0.75, 0.0]","[-1, -1]",0,-10,-12
207,param_3_high_perf,"[0.75, 0.25]","[-1, -1]",0,0,0
208,param_3_high_perf,"[1.0, 0.0]","[-1, -1]",0,-10,-12
209,param_3_high_perf,"[1.0, 0.25]","[-1, -1]",0,0,0
210,param_3_high_perf,"[0.0, 0.5]","[-1, -1]",0,-7,-4
211,param_3_high_perf,"[0.0, 0.75]","[-1, -1]",0,-7,-4
212,param_3_high_perf,"[0.0, 1.0]","[-1, -1]",0,-7,-4
213,param_3_high_perf,"[0.25, 0.5]","[-1, -1]",0,0,4
214,param_3_high_perf,"[0.25, 0.75]","[-1, -1]",0,0,4
215,param_3_high_perf,"[0.25, 1.0]","[-1, -1]",0,0,4
216,param_3_high_perf,"[0.5, 0.5]","[-1, -1]",0,0,0
217,param_3_high_perf,"[0.5, 0.75]","[-1, -1]",0,0,0
218,param_3_high_perf,"[0.5, 1.0]","[-1, -1]",0,0,0
219,param_3_high_perf,"[0.75, 0.5]","[-1, -1]",0,0,0
220,param_3_high_perf,"[0.75, 0.75]","[-1, -1]",0,0,0
221,param_3_high_perf,"[0.75, 1.0]","[-1, -1]",0,0,0
222,param_3_high_perf,"[1.0, 0.5]","[-1, -1]",0,0,0
223,param_3_high_perf,"[1.0, 0.75]","[-1, -1]",0,0,0
224,param_3_high_perf,"[1.0, 1.0]","[-1, -1]",0,0,0
225,param_3_high_perf,"[0.0, 0.0]","[-1, 0]",0,-12,-12
226,param_3_high_perf,"[0.25, 0.0]","[-1, 0]",0,-4,-8
227,param_3_high_perf,"[0.0, 0.25]","[-1, 0]",0,-10,-8
228,param_3_high_perf,"[0.25, 0.25]","[-1, 0]",0,-4,-4
229,param_3_high_perf,"[0.5, 0.0]","[-1, 0]",0,-4,-12
230,param_3_high_perf,"[0.5, 0.25]","[-1, 0]",0,-4,-8
231,param_3_high_perf,"[0.75, 0.0]","[-1, 0]",0,-4,-12
232,param_3_high_perf,"[0.75, 0.25]","[-1, 0]",0,-4,-8
233,param_3_high_perf,"[1.0, 0.0]","[-1, 0]",0,-4,-12
234,param_3_high_perf,"[1.0, 0.25]","[-1, 0]",0,-4,-8
235,param_3_high_perf,"[0.0, 0.5]","[-1, 0]",0,-10,-8
236,param_3_high_perf,"[0.0, 0.75]","[-1, 0]",0,-10,-8
237,param_3_high_perf,"[0.0, 1.0]","[-1, 0]",0,-10,-8
238,param_3_high_perf,"[0.25, 0.5]","[-1, 0]",0,-4,-4
239,param_3_high_perf,"[0.25, 0.75]","[-1, 0]",0,-4,-4
240,param_3_high_perf,"[0.25, 1.0]","[-1, 0]",0,-4,-4
241,param_3_high_perf,"[0.5, 0.5]","[-1, 0]",0,-4,-8
242,param_3_high_perf,"[0.5, 0.75]","[-1, 0]",0,-4,-8
243,param_3_high_perf,"[0.5, 1.0]","[-1, 0]",0,-4,-8
244,param_3_high_perf,"[0.75, 0.5]","[-1, 0]",0,-4,-8
245,param_3_high_perf,"[0.75, 0.75]","[-1, 0]",0,-4,-8
246,param_3_high_perf,"[0.75, 1.0]","[-1, 0]",0,-4,-8
247,param_3_high_perf,"[1.0, 0.5]","[-1, 0]",0,-4,-8
248,param_3_high_perf,"[1.0, 0.75]","[-1, 0]",0,-4,-8
249,param_3_high_perf,"[1.0, 1.0]","[-1, 0]",0,-4,-8
250,param_3_high_perf,"[0.0, 0.0]","[0, -1]",0,-16,-12
251,param_3_high_perf,"[0.25, 0.0]","[0, -1]",0,-11,-8
252,param_3_high_perf,"[0.0, 0.25]","[0, -1]",0,-5,-4
253,param_3_high_perf,"[0.25, 0.25]","[0, -1]",0,-2,0
254,param_3_high_perf,"[0.5, 0.0]","[0, -1]",0,-8,-12
255,param_3_high_perf,"[0.5, 0.25]","[0, -1]",0,2,0
256,param_3_high_perf,"[0.75, 0.0]","[0, -1]",0,-8,-12
257,param_3_high_perf,"[0.75, 0.25]","[0, -1]",0,2,0
258,param_3_high_perf,"[1.0, 0.0]","[0, -1]",0,-8,-12
259,param_3_high_perf,"[1.0, 0.25]","[0, -1]",0,2,0
260,param_3_high_perf,"[0.0, 0.5]","[0, -1]",0,-5,-4
261,param_3_high_perf,"[0.0, 0.75]","[0, -1]",0,-5,-4
262,param_3_high_perf,"[0.0, 1.0]","[0, -1]",0,-5,-4
263,param_3_high_perf,"[0.25, 0.5]","[0, -1]",0,-2,0
264,param_3_high_perf,"[0.25, 0.75]","[0, -1]",0,-2,0
265,param_3_high_perf,"[0.25, 1.0]","[0, -1]",0,-2,0
266,param_3_high_perf,"[0.5, 0.5]","[0, -1]",0,2,0
267,param_3_high_perf,"[0.5, 0.75]","[0, -1]",0,2,0
268,param_3_high_perf,"[0.5, 1.0]","[0, -1]",0,2,0
269,param_3_high_perf,"[0.75, 0.5]","[0, -1]",0,2,0
270,param_3_high_perf,"[0.75, 0.75]","[0, -1]",0,2,0
271,param_3_high_perf,"[0.75, 1.0]","[0, -1]",0,2,0
272,param_3_high_perf,"[1.0, 0.5]","[0, -1]",0,2,0
273,param_3_high_perf,"[1.0, 0.75]","[0, -1]",0,2,0
274,param_3_high_perf,"[1.0, 1.0]","[0, -1]",0,2,0
275,param_3_high_perf,"[0.0, 0.0]","[0, 0]",0,-10,-12
276,param_3_high_perf,"[0.25, 0.0]","[0, 0]",0,-5,-8
277,param_3_high_perf,"[0.0, 0.25]","[0, 0]",0,-8,-8
278,param_3_high_perf,"[0.25, 0.25]","[0, 0]",0,-5,-4
279,param_3_high_perf,"[0.5, 0.0]","[0, 0]",0,-2,-12
280,param_3_high_perf,"[0.5, 0.25]","[0, 0]",0,-2,-8
281,param_3_high_perf,"[0.75, 0.0]","[0, 0]",0,-2,-12
282,param_3_high_perf,"[0.75, 0.25]","[0, 0]",0,-2,-8
283,param_3_high_perf,"[1.0, 0.0]","[0, 0]",0,-2,-12
284,param_3_high_perf,"[1.0, 0.25]","[0, 0]",0,-2,-8
285,param_3_high_perf,"[0.0, 0.5]","[0, 0]",0,-8,-8
286,param_3_high_perf,"[0.0, 0.75]","[0, 0]",0,-8,-8
287,param_3_high_perf,"[0.0, 1.0]","[0, 0]",0,-8,-8
288,param_3_high_perf,"[0.25, 0.5]","[0, 0]",0,-5,-4
289,param_3_high_perf,"[0.25, 0.75]","[0, 0]",0,-5,-4
290,param_3_high_perf,"[0.25, 1.0]","[0, 0]",0,-5,-4
291,param_3_high_perf,"[0.5, 0.5]","[0, 0]",0,-2,-8
292,param_3_high_perf,"[0.5, 0.75]","[0, 0]",0,-2,-8
293,param_3_high_perf,"[0.5, 1.0]","[0, 0]",0,-2,-8
294,param_3_high_perf,"[0.75, 0.5]","[0, 0]",0,-2,-8
295,param_3_high_perf,"[0.75, 0.75]","[0, 0]",0,-2,-8
296,param_3_high_perf,"[0.75, 1.0]","[0, 0]",0,-2,-8
297,param_3_high_perf,"[1.0, 0.5]","[0, 0]",0,-2,-8
298,param_3_high_perf,"[1.0, 0.75]","[0, 0]",0,-2,-8
299,param_3_high_perf,"[1.0, 1.0]","[0, 0]",0,-2,-8
300,param_4_high_perf,"[0.0, 0.0]","[-1, -1]",0,-17,-12
301,param_4_high_perf,"[0.25, 0.0]","[-1, -1]",0,-9,-8
302,param_4_high_perf,"[0.0, 0.25]","[-1, -1]",0,-6,-4
303,param_4_high_perf,"[0.25, 0.25]","[-1, -1]",0,0,4
304,param_4_high_perf,"[0.5, 0.0]","[-1, -1]",0,-9,-12
305,param_4_high_perf,"[0.5, 0.25]","[-1, -1]",0,0,0
306,param_4_high_perf,"[0.75, 0.0]","[-1, -1]",0,-9,-12
307,param_4_high_perf,"[0.75, 0.25]","[-1, -1]",0,0,0
308,param_4_high_perf,"[1.0, 0.0]","[-1, -1]",0,-9,-12
309,param_4_high_perf,"[1.0, 0.25]","[-1, -1]",0,0,0
310,param_4_high_perf,"[0.0, 0.5]","[-1, -1]",0,-6,-4
311,param_4_high_perf,"[0.0, 0.75]","[-1, -1]",0,-6,-4
312,param_4_high_perf,"[0.0, 1.0]","[-1, -1]",0,-6,-4
313,param_4_high_perf,"[0.25, 0.5]","[-1, -1]",0,0,4
314,param_4_high_perf,"[0.25, 0.75]","[-1, -1]",0,0,4
315,param_4_high_perf,"[0.25, 1.0]","[-1, -1]",0,0,4
316,param_4_high_perf,"[0.5, 0.5]","[-1, -1]",0,0,0
317,param_4_high_perf,"[0.5, 0.75]","[-1, -1]",0,0,0
318,param_4_high_perf,"[0.5, 1.0]","[-1, -1]",0,0,0
319,param_4_high_perf,"[0.75, 0.5]","[-1, -1]",0,0,0
320,param_4_high_perf,"[0.75, 0.75]","[-1, -1]",0,0,0
321,param_4_high_perf,"[0.75, 1.0]","[-1, -1]",0,0,0
322,param_4_high_perf,"[1.0, 0.5]","[-1, -1]",0,0,0
323,param_4_high_perf,"[1.0, 0.75]","[-1, -1]",0,0,0
324,param_4_high_perf,"[1.0, 1.0]","[-1, -1]",0,0,0
325,param_4_high_perf,"[0.0, 0.0]","[-1, 0]",0,-10,-12
326,param_4_high_perf,"[0.25, 0.0]","[-1, 0]",0,-2,-8
327,param_4_high_perf,"[0.0, 0.25]","[-1, 0]",0,-9,-8
328,param_4_high_perf,"[0.25, 0.25]","[-1, 0]",0,-2,-4
329,param_4_high_perf,"[0.5, 0.0]","[-1, 0]",0,-2,-12
330,param_4_high_perf,"[0.5, 0.25]","[-1, 0]",0,-2,-8
331,param_4_high_perf,"[0.75, 0.0]","[-1, 0]",0,-2,-12
332,param_4_high_perf,"[0.75, 0.25]","[-1, 0]",0,-2,-8
333,param_4_high_perf,"[1.0, 0.0]","[-1, 0]",0,-2,-12
334,param_4_high_perf,"[1.0, 0.25]","[-1, 0]",0,-2,-8
335,param_4_high_perf,"[0.0, 0.5]","[-1, 0]",0,-9,-8
336,param_4_high_perf,"[0.0, 0.75]","[-1, 0]",0,-9,-8
337,param_4_high_perf,"[0.0, 1.0]","[-1, 0]",0,-9,-8
338,param_4_high_perf,"[0.25, 0.5]","[-1, 0]",0,-2,-4
339,param_4_high_perf,"[0.25, 0.75]","[-1, 0]",0,-2,-4
340,param_4_high_perf,"[0.25, 1.0]","[-1, 0]",0,-2,-4
341,param_4_high_perf,"[0.5, 0.5]","[-1, 0]",0,-2,-8
342,param_4_high_perf,"[0.5, 0.75]","[-1, 0]",0,-2,-8
343,param_4_high_perf,"[0.5, 1.0]","[-1, 0]",0,-2,-8
344,param_4_high_perf,"[0.75, 0.5]","[-1, 0]",0,-2,-8
345,param_4_high_perf,"[0.75, 0.75]","[-1, 0]",0,-2,-8
346,param_4_high_perf,"[0.75, 1.0]","[-1, 0]",0,-2,-8
347,param_4_high_perf,"[1.0, 0.5]","[-1, 0]",0,-2,-8
348,param_4_high_perf,"[1.0, 0.75]","[-1, 0]",0,-2,-8
349,param_4_high_perf,"[1.0, 1.0]","[-1, 0]",0,-2,-8
350,param_4_high_perf,"[0.0, 0.0]","[0, -1]",0,-18,-12
351,param_4_high_perf,"[0.25, 0.0]","[0, -1]",0,-13,-8
352,param_4_high_perf,"[0.0, 0.25]","[0, -1]",0,-7,-4
353,param_4_high_perf,"[0.25, 0.25]","[0, -1]",0,-2,4
354,param_4_high_perf,"[0.5, 0.0]","[0, -1]",0,-10,-12
355,param_4_high_perf,"[0.5, 0.25]","[0, -1]",0,-1,0
356,param_4_high_perf,"[0.75, 0.0]","[0, -1]",0,-10,-12
357,param_4_high_perf,"[0.75, 0.25]","[0, -1]",0,-1,0
358,param_4_high_perf,"[1.0, 0.0]","[0, -1]",0,-10,-12
359,param_4_high_perf,"[1.0, 0.25]","[0, -1]",0,-1,0
360,param_4_high_perf,"[0.0, 0.5]","[0, -1]",0,-7,-4
361,param_4_high_perf,"[0.0, 0.75]","[0, -1]",0,-7,-4
362,param_4_high_perf,"[0.0, 1.0]","[0, -1]",0,-7,-4
363,param_4_high_perf,"[0.25, 0.5]","[0, -1]",0,-2,4
364,param_4_high_perf,"[0.25, 0.75]","[0, -1]",0,-2,4
365,param_4_high_perf,"[0.25, 1.0]","[0, -1]",0,-2,4
366,param_4_high_perf,"[0.5, 0.5]","[0, -1]",0,-1,0
367,param_4_high_perf,"[0.5, 0.75]","[0, -1]",0,-1,0
368,param_4_high_perf,"[0.5, 1.0]","[0, -1]",0,-1,0
369,param_4_high_perf,"[0.75, 0.5]","[0, -1]",0,-1,0
370,param_4_high_perf,"[0.75, 0.75]","[0, -1]",0,-1,0
371,param_4_high_perf,"[0.75, 1.0]","[0, -1]",0,-1,0
372,param_4_high_perf,"[1.0, 0.5]","[0, -1]",0,-1,0
373,param_4_high_perf,"[1.0, 0.75]","[0, -1]",0,-1,0
374,param_4_high_perf,"[1.0, 1.0]","[0, -1]",0,-1,0
375,param_4_high_perf,"[0.0, 0.0]","[0, 0]",0,-10,-12
376,param_4_high_perf,"[0.25, 0.0]","[0, 0]",0,-5,-8
377,param_4_high_perf,"[0.0, 0.25]","[0, 0]",0,-9,-8
378,param_4_high_perf,"[0.25, 0.25]","[0, 0]",0,-5,-4
379,param_4_high_perf,"[0.5, 0.0]","[0, 0]",0,-2,-12
380,param_4_high_perf,"[0.5, 0.25]","[0, 0]",0,-2,-8
381,param_4_high_perf,"[0.75, 0.0]","[0, 0]",0,-2,-12
382,param_4_high_perf,"[0.75, 0.25]","[0, 0]",0,-2,-8
383,param_4_high_perf,"[1.0, 0.0]","[0, 0]",0,-2,-12
384,param_4_high_perf,"[1.0, 0.25]","[0, 0]",0,-2,-8
385,param_4_high_perf,"[0.0, 0.5]","[0, 0]",0,-9,-8
386,param_4_high_perf,"[0.0, 0.75]","[0, 0]",0,-9,-8
387,param_4_high_perf,"[0.0, 1.0]","[0, 0]",0,-9,-8
388,param_4_high_perf,"[0.25, 0.5]","[0, 0]",0,-5,-4
389,param_4_high_perf,"[0.25, 0.75]","[0, 0]",0,-5,-4
390,param_4_high_perf,"[0.25, 1.0]","[0, 0]",0,-5,-4
391,param_4_high_perf,"[0.5, 0.5]","[0, 0]",0,-2,-8
392,param_4_high_perf,"[0.5, 0.75]","[0, 0]",0,-2,-8
393,param_4_high_perf,"[0.5, 1.0]","[0, 0]",0,-2,-8
394,param_4_high_perf,"[0.75, 0.5]","[0, 0]",0,-2,-8
395,param_4_high_perf,"[0.75, 0.75]","[0, 0]",0,-2,-8
396,param_4_high_perf,"[0.75, 1.0]","[0, 0]",0,-2,-8
397,param_4_high_perf,"[1.0, 0.5]","[0, 0]",0,-2,-8
398,param_4_high_perf,"[1.0, 0.75]","[0, 0]",0,-2,-8
399,param_4_high_perf,"[1.0, 1.0]","[0, 0]",0,-2,-8
400,param_5_high_perf,"[0.0, 0.0]","[-1, -1]",0,-17,-12
401,param_5_high_perf,"[0.25, 0.0]","[-1, -1]",0,-9,-8
402,param_5_high_perf,"[0.0, 0.25]","[-1, -1]",0,-6,-4
403,param_5_high_perf,"[0.25, 0.25]","[-1, -1]",0,0,4
404,param_5_high_perf,"[0.5, 0.0]","[-1, -1]",0,-9,-12
405,param_5_high_perf,"[0.5, 0.25]","[-1, -1]",0,0,0
406,param_5_high_perf,"[0.75, 0.0]","[-1, -1]",0,-9,-12
407,param_5_high_perf,"[0.75, 0.25]","[-1, -1]",0,0,0
408,param_5_high_perf,"[1.0, 0.0]","[-1, -1]",0,-9,-12
409,param_5_high_perf,"[1.0, 0.25]","[-1, -1]",0,0,0
410,param_5_high_perf,"[0.0, 0.5]","[-1, -1]",0,-6,-4
411,param_5_high_perf,"[0.0, 0.75]","[-1, -1]",0,-6,-4
412,param_5_high_perf,"[0.0, 1.0]","[-1, -1]",0,-6,-4
413,param_5_high_perf,"[0.25, 0.5]","[-1, -1]",0,0,4
414,param_5_high_perf,"[0.25, 0.75]","[-1, -1]",0,0,4
415,param_5_high_perf,"[0.25, 1.0]","[-1, -1]",0,0,4
416,param_5_high_perf,"[0.5, 0.5]","[-1, -1]",0,0,0
417,param_5_high_perf,"[0.5, 0.75]","[-1, -1]",0,0,0
418,param_5_high_perf,"[0.5, 1.0]","[-1, -1]",0,0,0
419,param_5_high_perf,"[0.75, 0.5]","[-1, -1]",0,0,0
420,param_5_high_perf,"[0.75, 0.75]","[-1, -1]",0,0,0
421,param_5_high_perf,"[0.75, 1.0]","[-1, -1]",0,0,0
422,param_5_high_perf,"[1.0, 0.5]","[-1, -1]",0,0,0
423,param_5_high_perf,"[1.0, 0.75]","[-1, -1]",0,0,0
424,param_5_high_perf,"[1.0, 1.0]","[-1, -1]",0,0,0
425,param_5_high_perf,"[0.0, 0.0]","[-1, 0]",0,-9,-12
426,param_5_high_perf,"[0.25, 0.0]","[-1, 0]",0,-1,-8
427,param_5_high_perf,"[0.0, 0.25]","[-1, 0]",0,-9,-8
428,param_5_high_perf,"[0.25, 0.25]","[-1, 0]",0,-1,-4
429,param_5_high_perf,"[0.5, 0.0]","[-1, 0]",0,-1,-12
430,param_5_high_perf,"[0.5, 0.25]","[-1, 0]",0,-1,-8
431,param_5_high_perf,"[0.75, 0.0]","[-1, 0]",0,-1,-12
432,param_5_high_perf,"[0.75, 0.25]","[-1, 0]",0,-1,-8
433,param_5_high_perf,"[1.0, 0.0]","[-1, 0]",0,-1,-12
434,param_5_high_perf,"[1.0, 0.25]","[-1, 0]",0,-1,-8
435,param_5_high_perf,"[0.0, 0.5]","[-1, 0]",0,-9,-8
436,param_5_high_perf,"[0.0, 0.75]","[-1, 0]",0,-9,-8
437,param_5_high_perf,"[0.0, 1.0]","[-1, 0]",0,-9,-8
438,param_5_high_perf,"[0.25, 0.5]","[-1, 0]",0,-1,-4
439,param_5_high_perf,"[0.25, 0.75]","[-1, 0]",0,-1,-4
440,param_5_high_perf,"[0.25, 1.0]","[-1, 0]",0,-1,-4
441,param_5_high_perf,"[0.5, 0.5]","[-1, 0]",0,-1,-8
442,param_5_high_perf,"[0.5, 0.75]","[-1, 0]",0,-1,-8
443,param_5_high_perf,"[0.5, 1.0]","[-1, 0]",0,-1,-8
444,param_5_high_perf,"[0.75, 0.5]","[-1, 0]",0,-1,-8
445,param_5_high_perf,"[0.75, 0.75]","[-1, 0]",0,-1,-8
446,param_5_high_perf,"[0.75, 1.0]","[-1, 0]",0,-1,-8
447,param_5_high_perf,"[1.0, 0.5]","[-1, 0]",0,-1,-8
448,param_5_high_perf,"[1.0, 0.75]","[-1, 0]",0,-1,-8
449,param_5_high_perf,"[1.0, 1.0]","[-1, 0]",0,-1,-8
450,param_5_high_perf,"[0.0, 0.0]","[0, -1]",0,-18,-12
451,param_5_high_perf,"[0.25, 0.0]","[0, -1]",0,-13,-8
452,param_5_high_perf,"[0.0, 0.25]","[0, -1]",0,-7,-4
453,param_5_high_perf,"[0.25, 0.25]","[0, -1]",0,-2,4
454,param_5_high_perf,"[0.5, 0.0]","[0, -1]",0,-10,-12
455,param_5_high_perf,"[0.5, 0.25]","[0, -1]",0,-1,0
456,param_5_high_perf,"[0.75, 0.0]","[0, -1]",0,-10,-12
457,param_5_high_perf,"[0.75, 0.25]","[0, -1]",0,-1,0
458,param_5_high_perf,"[1.0, 0.0]","[0, -1]",0,-10,-12
459,param_5_high_perf,"[1.0, 0.25]","[0, -1]",0,-1,0
460,param_5_high_perf,"[0.0, 0.5]","[0, -1]",0,-7,-4
461,param_5_high_perf,"[0.0, 0.75]","[0, -1]",0,-7,-4
462,param_5_high_perf,"[0.0, 1.0]","[0, -1]",0,-7,-4
463,param_5_high_perf,"[0.25, 0.5]","[0, -1]",0,-2,4
464,param_5_high_perf,"[0.25, 0.75]","[0, -1]",0,-2,4
465,param_5_high_perf,"[0.25, 1.0]","[0, -1]",0,-2,4
466,param_5_high_perf,"[0.5, 0.5]","[0, -1]",0,-1,0
467,param_5_high_perf,"[0.5, 0.75]","[0, -1]",0,-1,0
468,param_5_high_perf,"[0.5, 1.0]","[0, -1]",0,-1,0
469,param_5_high_perf,"[0.75, 0.5]","[0, -1]",0,-1,0
470,param_5_high_perf,"[0.75, 0.75]","[0, -1]",0,-1,0
471,param_5_high_perf,"[0.75, 1.0]","[0, -1]",0,-1,0
472,param_5_high_perf,"[1.0, 0.5]","[0, -1]",0,-1,0
473,param_5_high_perf,"[1.0, 0.75]","[0, -1]",0,-1,0
474,param_5_high_perf,"[1.0, 1.0]","[0, -1]",0,-1,0
475,param_5_high_perf,"[0.0, 0.0]","[0, 0]",0,-9,-12
476,param_5_high_perf,"[0.25, 0.0]","[0, 0]",0,-4,-8
477,param_5_high_perf,"[0.0, 0.25]","[0, 0]",0,-9,-8
478,param_5_high_perf,"[0.25, 0.25]","[0, 0]",0,-4,-4
479,param_5_high_perf,"[0.5, 0.0]","[0, 0]",0,-1,-12
480,param_5_high_perf,"[0.5, 0.25]","[0, 0]",0,-1,-8
481,param_5_high_perf,"[0.75, 0.0]","[0, 0]",0,-1,-12
482,param_5_high_perf,"[0.75, 0.25]","[0, 0]",0,-1,-8
483,param_5_high_perf,"[1.0, 0.0]","[0, 0]",0,-1,-12
484,param_5_high_perf,"[1.0, 0.25]","[0, 0]",0,-1,-8
485,param_5_high_perf,"[0.0, 0.5]","[0, 0]",0,-9,-8
486,param_5_high_perf,"[0.0, 0.75]","[0, 0]",0,-9,-8
487,param_5_high_perf,"[0.0, 1.0]","[0, 0]",0,-9,-8
488,param_5_high_perf,"[0.25, 0.5]","[0, 0]",0,-4,-4
489,param_5_high_perf,"[0.25, 0.75]","[0, 0]",0,-4,-4
490,param_5_high_perf,"[0.25, 1.0]","[0, 0]",0,-4,-4
491,param_5_high_perf,"[0.5, 0.5]","[0, 0]",0,-1,-8
492,param_5_high_perf,"[0.5, 0.75]","[0, 0]",0,-1,-8
493,param_5_high_perf,"[0.5, 1.0]","[0, 0]",0,-1,-8
494,param_5_high_perf,"[0.75, 0.5]","[0, 0]",0,-1,-8
495,param_5_high_perf,"[0.75, 0.75]","[0, 0]",0,-1,-8
496,param_5_high_perf,"[0.75, 1.0]","[0, 0]",0,-1,-8
497,param_5_high_perf,"[1.0, 0.5]","[0, 0]",0,-1,-8
498,param_5_high_perf,"[1.0, 0.75]","[0, 0]",0,-1,-8
499,param_5_high_perf,"[1.0, 1.0]","[0, 0]",0,-1,-8
500,param_6_high_perf,"[0.0, 0.0]","[-1, -1]",0,-19,-12
501,param_6_high_perf,"[0.25, 0.0]","[-1, -1]",0,-10,-7
502,param_6_high_perf,"[0.0, 0.25]","[-1, -1]",0,-11,-8
503,param_6_high_perf,"[0.25, 0.25]","[-1, -1]",0,-3,1
504,param_6_high_perf,"[0.5, 0.0]","[-1, -1]",0,-7,-7
505,param_6_high_perf,"[0.5, 0.25]","[-1, -1]",0,0,0
506,param_6_high_perf,"[0.75, 0.0]","[-1, -1]",0,-7,-7
507,param_6_high_perf,"[0.75, 0.25]","[-1, -1]",0,0,0
508,param_6_high_perf,"[1.0, 0.0]","[-1, -1]",0,-7,-7
509,param_6_high_perf,"[1.0, 0.25]","[-1, -1]",0,0,0
510,param_6_high_perf,"[0.0, 0.5]","[-1, -1]",0,-8,-8
511,param_6_high_perf,"[0.0, 0.75]","[-1, -1]",0,-8,-8
512,param_6_high_perf,"[0.0, 1.0]","[-1, -1]",0,-8,-8
513,param_6_high_perf,"[0.25, 0.5]","[-1, -1]",0,-3,1
514,param_6_high_perf,"[0.25, 0.75]","[-1, -1]",0,-3,1
515,param_6_high_perf,"[0.25, 1.0]","[-1, -1]",0,-3,1
516,param_6_high_perf,"[0.5, 0.5]","[-1, -1]",0,0,0
517,param_6_high_perf,"[0.5, 0.75]","[-1, -1]",0,0,0
518,param_6_high_perf,"[0.5, 1.0]","[-1, -1]",0,0,0
519,param_6_high_perf,"[0.75, 0.5]","[-1, -1]",0,0,0
520,param_6_high_perf,"[0.75, 0.75]","[-1, -1]",0,0,0
521,param_6_high_perf,"[0.75, 1.0]","[-1, -1]",0,0,0
522,param_6_high_perf,"[1.0, 0.5]","[-1, -1]",0,0,0
523,param_6_high_perf,"[1.0, 0.75]","[-1, -1]",0,0,0
524,param_6_high_perf,"[1.0, 1.0]","[-1, -1]",0,0,0
525,param_6_high_perf,"[0.0, 0.0]","[-1, 0]",0,-11,-12
526,param_6_high_perf,"[0.25, 0.0]","[-1, 0]",0,-2,-7
527,param_6_high_perf,"[0.0, 0.25]","[-1, 0]",0,-6,-8
528,param_6_high_perf,"[0.25, 0.25]","[-1, 0]",0,-2,-3
529,param_6_high_perf,"[0.5, 0.0]","[-1, 0]",0,1,-7
530,param_6_high_perf,"[0.5, 0.25]","[-1, 0]",0,1,-7
531,param_6_high_perf,"[0.75, 0.0]","[-1, 0]",0,1,-7
532,param_6_high_perf,"[0.75, 0.25]","[-1, 0]",0,1,-7
533,param_6_high_perf,"[1.0, 0.0]","[-1, 0]",0,1,-7
534,param_6_high_perf,"[1.0, 0.25]","[-1, 0]",0,1,-7
535,param_6_high_perf,"[0.0, 0.5]","[-1, 0]",0,-6,-8
536,param_6_high_perf,"[0.0, 0.75]","[-1, 0]",0,-6,-8
537,param_6_high_perf,"[0.0, 1.0]","[-1, 0]",0,-6,-8
538,param_6_high_perf,"[0.25, 0.5]","[-1, 0]",0,-2,-3
539,param_6_high_perf,"[0.25, 0.75]","[-1, 0]",0,-2,-3
540,param_6_high_perf,"[0.25, 1.0]","[-1, 0]",0,-2,-3
541,param_6_high_perf,"[0.5, 0.5]","[-1, 0]",0,1,-7
542,param_6_high_perf,"[0.5, 0.75]","[-1, 0]",0,1,-7
543,param_6_high_perf,"[0.5, 1.0]","[-1, 0]",0,1,-7
544,param_6_high_perf,"[0.75, 0.5]","[-1, 0]",0,1,-7
545,param_6_high_perf,"[0.75, 0.75]","[-1, 0]",0,1,-7
546,param_6_high_perf,"[0.75, 1.0]","[-1, 0]",0,1,-7
547,param_6_high_perf,"[1.0, 0.5]","[-1, 0]",0,1,-7
548,param_6_high_perf,"[1.0, 0.75]","[-1, 0]",0,1,-7
549,param_6_high_perf,"[1.0, 1.0]","[-1, 0]",0,1,-7
550,param_6_high_perf,"[0.0, 0.0]","[0, -1]",0,-14,-12
551,param_6_high_perf,"[0.25, 0.0]","[0, -1]",0,-9,-8
552,param_6_high_perf,"[0.0, 0.25]","[0, -1]",0,-6,-8
553,param_6_high_perf,"[0.25, 0.25]","[0, -1]",0,0,-3
554,param_6_high_perf,"[0.5, 0.0]","[0, -1]",0,-7,-8
555,param_6_high_perf,"[0.5, 0.25]","[0, -1]",0,5,0
556,param_6_high_perf,"[0.75, 0.0]","[0, -1]",0,-7,-8
557,param_6_high_perf,"[0.75, 0.25]","[0, -1]",0,5,0
558,param_6_high_perf,"[1.0, 0.0]","[0, -1]",0,-7,-8
559,param_6_high_perf,"[1.0, 0.25]","[0, -1]",0,5,0
560,param_6_high_perf,"[0.0, 0.5]","[0, -1]",0,-3,-8
561,param_6_high_perf,"[0.0, 0.75]","[0, -1]",0,-3,-8
562,param_6_high_perf,"[0.0, 1.0]","[0, -1]",0,-3,-8
563,param_6_high_perf,"[0.25, 0.5]","[0, -1]",0,0,-3
564,param_6_high_perf,"[0.25, 0.75]","[0, -1]",0,0,-3
565,param_6_high_perf,"[0.25, 1.0]","[0, -1]",0,0,-3
566,param_6_high_perf,"[0.5, 0.5]","[0, -1]",0,5,0
567,param_6_high_perf,"[0.5, 0.75]","[0, -1]",0,5,0
568,param_6_high_perf,"[0.5, 1.0]","[0, -1]",0,5,0
569,param_6_high_perf,"[0.75, 0.5]","[0, -1]",0,5,0
570,param_6_high_perf,"[0.75, 0.75]","[0, -1]",0,5,0
571,param_6_high_perf,"[0.75, 1.0]","[0, -1]",0,5,0
572,param_6_high_perf,"[1.0, 0.5]","[0, -1]",0,5,0
573,param_6_high_perf,"[1.0, 0.75]","[0, -1]",0,5,0
574,param_6_high_perf,"[1.0, 1.0]","[0, -1]",0,5,0
575,param_6_high_perf,"[0.0, 0.0]","[0, 0]",0,-11,-12
576,param_6_high_perf,"[0.25, 0.0]","[0, 0]",0,-6,-8
577,param_6_high_perf,"[0.0, 0.25]","[0, 0]",0,-6,-8
578,param_6_high_perf,"[0.25, 0.25]","[0, 0]",0,-2,-3
579,param_6_high_perf,"[0.5, 0.0]","[0, 0]",0,-4,-8
580,param_6_high_perf,"[0.5, 0.25]","[0, 0]",0,1,-7
581,param_6_high_perf,"[0.75, 0.0]","[0, 0]",0,-4,-8
582,param_6_high_perf,"[0.75, 0.25]","[0, 0]",0,1,-7
583,param_6_high_perf,"[1.0, 0.0]","[0, 0]",0,-4,-8
584,param_6_high_perf,"[1.0, 0.25]","[0, 0]",0,1,-7
585,param_6_high_perf,"[0.0, 0.5]","[0, 0]",0,-6,-8
586,param_6_high_perf,"[0.0, 0.75]","[0, 0]",0,-6,-8
587,param_6_high_perf,"[0.0, 1.0]","[0, 0]",0,-6,-8
588,param_6_high_perf,"[0.25, 0.5]","[0, 0]",0,-2,-3
589,param_6_high_perf,"[0.25, 0.75]","[0, 0]",0,-2,-3
590,param_6_high_perf,"[0.25, 1.0]","[0, 0]",0,-2,-3
591,param_6_high_perf,"[0.5, 0.5]","[0, 0]",0,1,-7
592,param_6_high_perf,"[0.5, 0.75]","[0, 0]",0,1,-7
593,param_6_high_perf,"[0.5, 1.0]","[0, 0]",0,1,-7
594,param_6_high_perf,"[0.75, 0.5]","[0, 0]",0,1,-7
595,param_6_high_perf,"[0.75, 0.75]","[0, 0]",0,1,-7
596,param_6_high_perf,"[0.75, 1.0]","[0, 0]",0,1,-7
597,param_6_high_perf,"[1.0, 0.5]","[0, 0]",0,1,-7
598,param_6_high_perf,"[1.0, 0.75]","[0, 0]",0,1,-7
599,param_6_high_perf,"[1.0, 1.0]","[0, 0]",0,1,-7
600,param_7_high_perf,"[0.0, 0.0]","[-1, -1]",0,-19,-12
601,param_7_high_perf,"[0.25, 0.0]","[-1, -1]",0,-11,-8
602,param_7_high_perf,"[0.0, 0.25]","[-1, -1]",0,-8,-4
603,param_7_high_perf,"[0.25, 0.25]","[-1, -1]",0,-3,0
604,param_7_high_perf,"[0.5, 0.0]","[-1, -1]",0,-8,-12
605,param_7_high_perf,"[0.5, 0.25]","[-1, -1]",0,0,0
606,param_7_high_perf,"[0.75, 0.0]","[-1, -1]",0,-8,-12
607,param_7_high_perf,"[0.75, 0.25]","[-1, -1]",0,0,0
608,param_7_high_perf,"[1.0, 0.0]","[-1, -1]",0,-8,-12
609,param_7_high_perf,"[1.0, 0.25]","[-1, -1]",0,0,0
610,param_7_high_perf,"[0.0, 0.5]","[-1, -1]",0,-8,-4
611,param_7_high_perf,"[0.0, 0.75]","[-1, -1]",0,-8,-4
612,param_7_high_perf,"[0.0, 1.0]","[-1, -1]",0,-8,-4
613,param_7_high_perf,"[0.25, 0.5]","[-1, -1]",0,-3,0
614,param_7_high_perf,"[0.25, 0.75]","[-1, -1]",0,-3,0
615,param_7_high_perf,"[0.25, 1.0]","[-1, -1]",0,-3,0
616,param_7_high_perf,"[0.5, 0.5]","[-1, -1]",0,0,0
617,param_7_high_perf,"[0.5, 0.75]","[-1, -1]",0,0,0
618,param_7_high_perf,"[0.5, 1.0]","[-1, -1]",0,0,0
619,param_7_high_perf,"[0.75, 0.5]","[-1, -1]",0,0,0
620,param_7_high_perf,"[0.75, 0.75]","[-1, -1]",0,0,0
621,param_7_high_perf,"[0.75, 1.0]","[-1, -1]",0,0,0
622,param_7_high_perf,"[1.0, 0.5]","[-1, -1]",0,0,0
623,param_7_high_perf,"[1.0, 0.75]","[-1, -1]",0,0,0
624,param_7_high_perf,"[1.0, 1.0]","[-1, -1]",0,0,0
625,param_7_high_perf,"[0.0, 0.0]","[-1, 0]",0,-15,-12
626,param_7_high_perf,"[0.25, 0.0]","[-1, 0]",0,-7,-8
627,param_7_high_perf,"[0.0, 0.25]","[-1, 0]",0,-13,-8
628,param_7_high_perf,"[0.25, 0.25]","[-1, 0]",0,-7,-4
629,param_7_high_perf,"[0.5, 0.0]","[-1, 0]",0,-4,-12
630,param_7_high_perf,"[0.5, 0.25]","[-1, 0]",0,-4,-8
631,param_7_high_perf,"[0.75, 0.0]","[-1, 0]",0,-4,-12
632,param_7_high_perf,"[0.75, 0.25]","[-1, 0]",0,-4,-8
633,param_7_high_perf,"[1.0, 0.0]","[-1, 0]",0,-4,-12
634,param_7_high_perf,"[1.0, 0.25]","[-1, 0]",0,-4,-8
635,param_7_high_perf,"[0.0, 0.5]","[-1, 0]",0,-13,-8
636,param_7_high_perf,"[0.0, 0.75]","[-1, 0]",0,-13,-8
637,param_7_high_perf,"[0.0, 1.0]","[-1, 0]",0,-13,-8
638,param_7_high_perf,"[0.25, 0.5]","[-1, 0]",0,-7,-4
639,param_7_high_perf,"[0.25, 0.75]","[-1, 0]",0,-7,-4
640,param_7_high_perf,"[0.25, 1.0]","[-1, 0]",0,-7,-4
641,param_7_high_perf,"[0.5, 0.5]","[-1, 0]",0,-4,-8
642,param_7_high_perf,"[0.5, 0.75]","[-1, 0]",0,-4,-8
643,param_7_high_perf,"[0.5, 1.0]","[-1, 0]",0,-4,-8
644,param_7_high_perf,"[0.75, 0.5]","[-1, 0]",0,-4,-8
645,param_7_high_perf,"[0.75, 0.75]","[-1, 0]",0,-4,-8
646,param_7_high_perf,"[0.75, 1.0]","[-1, 0]",0,-4,-8
647,param_7_high_perf,"[1.0, 0.5]","[-1, 0]",0,-4,-8
648,param_7_high_perf,"[1.0, 0.75]","[-1, 0]",0,-4,-8
649,param_7_high_perf,"[1.0, 1.0]","[-1, 0]",0,-4,-8
650,param_7_high_perf,"[0.0, 0.0]","[0, -1]",0,-14,-12
651,param_7_high_perf,"[0.25, 0.0]","[0, -1]",0,-9,-8
652,param_7_high_perf,"[0.0, 0.25]","[0, -1]",0,-3,-4
653,param_7_high_perf,"[0.25, 0.25]","[0, -1]",0,2,0
654,param_7_high_perf,"[0.5, 0.0]","[0, -1]",0,-3,-12
655,param_7_high_perf,"[0.5, 0.25]","[0, -1]",0,5,0
656,param_7_high_perf,"[0.75, 0.0]","[0, -1]",0,-3,-12
657,param_7_high_perf,"[0.75, 0.25]","[0, -1]",0,5,0
658,param_7_high_perf,"[1.0, 0.0]","[0, -1]",0,-3,-12
659,param_7_high_perf,"[1.0, 0.25]","[0, -1]",0,5,0
660,param_7_high_perf,"[0.0, 0.5]","[0, -1]",0,-3,-4
661,param_7_high_perf,"[0.0, 0.75]","[0, -1]",0,-3,-4
662,param_7_high_perf,"[0.0, 1.0]","[0, -1]",0,-3,-4
663,param_7_high_perf,"[0.25, 0.5]","[0, -1]",0,2,0
664,param_7_high_perf,"[0.25, 0.75]","[0, -1]",0,2,0
665,param_7_high_perf,"[0.25, 1.0]","[0, -1]",0,2,0
666,param_7_high_perf,"[0.5, 0.5]","[0, -1]",0,5,0
667,param_7_high_perf,"[0.5, 0.75]","[0, -1]",0,5,0
668,param_7_high_perf,"[0.5, 1.0]","[0, -1]",0,5,0
669,param_7_high_perf,"[0.75, 0.5]","[0, -1]",0,5,0
670,param_7_high_perf,"[0.75, 0.75]","[0, -1]",0,5,0
671,param_7_high_perf,"[0.75, 1.0]","[0, -1]",0,5,0
672,param_7_high_perf,"[1.0, 0.5]","[0, -1]",0,5,0
673,param_7_high_perf,"[1.0, 0.75]","[0, -1]",0,5,0
674,param_7_high_perf,"[1.0, 1.0]","[0, -1]",0,5,0
675,param_7_high_perf,"[0.0, 0.0]","[0, 0]",0,-10,-12
676,param_7_high_perf,"[0.25, 0.0]","[0, 0]",0,-5,-8
677,param_7_high_perf,"[0.0, 0.25]","[0, 0]",0,-8,-8
678,param_7_high_perf,"[0.25, 0.25]","[0, 0]",0,-5,-4
679,param_7_high_perf,"[0.5, 0.0]","[0, 0]",0,1,-12
680,param_7_high_perf,"[0.5, 0.25]","[0, 0]",0,1,-8
681,param_7_high_perf,"[0.75, 0.0]","[0, 0]",0,1,-12
682,param_7_high_perf,"[0.75, 0.25]","[0, 0]",0,1,-8
683,param_7_high_perf,"[1.0, 0.0]","[0, 0]",0,1,-12
684,param_7_high_perf,"[1.0, 0.25]","[0, 0]",0,1,-8
685,param_7_high_perf,"[0.0, 0.5]","[0, 0]",0,-8,-8
686,param_7_high_perf,"[0.0, 0.75]","[0, 0]",0,-8,-8
687,param_7_high_perf,"[0.0, 1.0]","[0, 0]",0,-8,-8
688,param_7_high_perf,"[0.25, 0.5]","[0, 0]",0,-5,-4
689,param_7_high_perf,"[0.25, 0.75]","[0, 0]",0,-5,-4
690,param_7_high_perf,"[0.25, 1.0]","[0, 0]",0,-5,-4
691,param_7_high_perf,"[0.5, 0.5]","[0, 0]",0,1,-8
692,param_7_high_perf,"[0.5, 0.75]","[0, 0]",0,1,-8
693,param_7_high_perf,"[0.5, 1.0]","[0, 0]",0,1,-8
694,param_7_high_perf,"[0.75, 0.5]","[0, 0]",0,1,-8
695,param_7_high_perf,"[0.75, 0.75]","[0, 0]",0,1,-8
696,param_7_high_perf,"[0.75, 1.0]","[0, 0]",0,1,-8
697,param_7_high_perf,"[1.0, 0.5]","[0, 0]",0,1,-8
698,param_7_high_perf,"[1.0, 0.75]","[0, 0]",0,1,-8
699,param_7_high_perf,"[1.0, 1.0]","[0, 0]",0,1,-8
700,param_8_high_perf,"[0.0, 0.0]","[-1, -1]",0,-21,-12
701,param_8_high_perf,"[0.25, 0.0]","[-1, -1]",0,-13,-8
702,param_8_high_perf,"[0.0, 0.25]","[-1, -1]",0,-10,-4
703,param_8_high_perf,"[0.25, 0.25]","[-1, -1]",0,-3,4
704,param_8_high_perf,"[0.5, 0.0]","[-1, -1]",0,-10,-8
705,param_8_high_perf,"[0.5, 0.25]","[-1, -1]",0,0,0
706,param_8_high_perf,"[0.75, 0.0]","[-1, -1]",0,-10,-8
707,param_8_high_perf,"[0.75, 0.25]","[-1, -1]",0,0,0
708,param_8_high_perf,"[1.0, 0.0]","[-1, -1]",0,-10,-8
709,param_8_high_perf,"[1.0, 0.25]","[-1, -1]",0,0,0
710,param_8_high_perf,"[0.0, 0.5]","[-1, -1]",0,-10,-4
711,param_8_high_perf,"[0.0, 0.75]","[-1, -1]",0,-10,-4
712,param_8_high_perf,"[0.0, 1.0]","[-1, -1]",0,-10,-4
713,param_8_high_perf,"[0.25, 0.5]","[-1, -1]",0,-3,4
714,param_8_high_perf,"[0.25, 0.75]","[-1, -1]",0,-3,4
715,param_8_high_perf,"[0.25, 1.0]","[-1, -1]",0,-3,4
716,param_8_high_perf,"[0.5, 0.5]","[-1, -1]",0,0,0
717,param_8_high_perf,"[0.5, 0.75]","[-1, -1]",0,0,0
718,param_8_high_perf,"[0.5, 1.0]","[-1, -1]",0,0,0
719,param_8_high_perf,"[0.75, 0.5]","[-1, -1]",0,0,0
720,param_8_high_perf,"[0.75, 0.75]","[-1, -1]",0,0,0
721,param_8_high_perf,"[0.75, 1.0]","[-1, -1]",0,0,0
722,param_8_high_perf,"[1.0, 0.5]","[-1, -1]",0,0,0
723,param_8_high_perf,"[1.0, 0.75]","[-1, -1]",0,0,0
724,param_8_high_perf,"[1.0, 1.0]","[-1, -1]",0,0,0
725,param_8_high_perf,"[0.0, 0.0]","[-1, 0]",0,-15,-12
726,param_8_high_perf,"[0.25, 0.0]","[-1, 0]",0,-7,-8
727,param_8_high_perf,"[0.0, 0.25]","[-1, 0]",0,-14,-8
728,param_8_high_perf,"[0.25, 0.25]","[-1, 0]",0,-7,-4
729,param_8_high_perf,"[0.5, 0.0]","[-1, 0]",0,-4,-8
730,param_8_high_perf,"[0.5, 0.25]","[-1, 0]",0,-4,-8
731,param_8_high_perf,"[0.75, 0.0]","[-1, 0]",0,-4,-8
732,param_8_high_perf,"[0.75, 0.25]","[-1, 0]",0,-4,-8
733,param_8_high_perf,"[1.0, 0.0]","[-1, 0]",0,-4,-8
734,param_8_high_perf,"[1.0, 0.25]","[-1, 0]",0,-4,-8
735,param_8_high_perf,"[0.0, 0.5]","[-1, 0]",0,-14,-8
736,param_8_high_perf,"[0.0, 0.75]","[-1, 0]",0,-14,-8
737,param_8_high_perf,"[0.0, 1.0]","[-1, 0]",0,-14,-8
738,param_8_high_perf,"[0.25, 0.5]","[-1, 0]",0,-7,-4
739,param_8_high_perf,"[0.25, 0.75]","[-1, 0]",0,-7,-4
740,param_8_high_perf,"[0.25, 1.0]","[-1, 0]",0,-7,-4
741,param_8_high_perf,"[0.5, 0.5]","[-1, 0]",0,-4,-8
742,param_8_high_perf,"[0.5, 0.75]","[-1, 0]",0,-4,-8
743,param_8_high_perf,"[0.5, 1.0]","[-1, 0]",0,-4,-8
744,param_8_high_perf,"[0.75, 0.5]","[-1, 0]",0,-4,-8
745,param_8_high_perf,"[0.75, 0.75]","[-1, 0]",0,-4,-8
746,param_8_high_perf,"[0.75, 1.0]","[-1, 0]",0,-4,-8
747,param_8_high_perf,"[1.0, 0.5]","[-1, 0]",0,-4,-8
748,param_8_high_perf,"[1.0, 0.75]","[-1, 0]",0,-4,-8
749,param_8_high_perf,"[1.0, 1.0]","[-1, 0]",0,-4,-8
750,param_8_high_perf,"[0.0, 0.0]","[0, -1]",0,-17,-12
751,param_8_high_perf,"[0.25, 0.0]","[0, -1]",0,-12,-8
752,param_8_high_perf,"[0.0, 0.25]","[0, -1]",0,-6,-4
753,param_8_high_perf,"[0.25, 0.25]","[0, -1]",0,-3,0
754,param_8_high_perf,"[0.5, 0.0]","[0, -1]",0,-10,-8
755,param_8_high_perf,"[0.5, 0.25]","[0, -1]",0,4,0
756,param_8_high_perf,"[0.75, 0.0]","[0, -1]",0,-10,-8
757,param_8_high_perf,"[0.75, 0.25]","[0, -1]",0,4,0
758,param_8_high_perf,"[1.0, 0.0]","[0, -1]",0,-10,-8
759,param_8_high_perf,"[1.0, 0.25]","[0, -1]",0,4,0
760,param_8_high_perf,"[0.0, 0.5]","[0, -1]",0,-6,-4
761,param_8_high_perf,"[0.0, 0.75]","[0, -1]",0,-6,-4
762,param_8_high_perf,"[0.0, 1.0]","[0, -1]",0,-6,-4
763,param_8_high_perf,"[0.25, 0.5]","[0, -1]",0,-3,0
764,param_8_high_perf,"[0.25, 0.75]","[0, -1]",0,-3,0
765,param_8_high_perf,"[0.25, 1.0]","[0, -1]",0,-3,0
766,param_8_high_perf,"[0.5, 0.5]","[0, -1]",0,4,0
767,param_8_high_perf,"[0.5, 0.75]","[0, -1]",0,4,0
768,param_8_high_perf,"[0.5, 1.0]","[0, -1]",0,4,0
769,param_8_high_perf,"[0.75, 0.5]","[0, -1]",0,4,0
770,param_8_high_perf,"[0.75, 0.75]","[0, -1]",0,4,0
771,param_8_high_perf,"[0.75, 1.0]","[0, -1]",0,4,0
772,param_8_high_perf,"[1.0, 0.5]","[0, -1]",0,4,0
773,param_8_high_perf,"[1.0, 0.75]","[0, -1]",0,4,0
774,param_8_high_perf,"[1.0, 1.0]","[0, -1]",0,4,0
775,param_8_high_perf,"[0.0, 0.0]","[0, 0]",0,-9,-12
776,param_8_high_perf,"[0.25, 0.0]","[0, 0]",0,-4,-8
777,param_8_high_perf,"[0.0, 0.25]","[0, 0]",0,-8,-8
778,param_8_high_perf,"[0.25, 0.25]","[0, 0]",0,-4,-4
779,param_8_high_perf,"[0.5, 0.0]","[0, 0]",0,-2,-8
780,param_8_high_perf,"[0.5, 0.25]","[0, 0]",0,2,-8
781,param_8_high_perf,"[0.75, 0.0]","[0, 0]",0,-2,-8
782,param_8_high_perf,"[0.75, 0.25]","[0, 0]",0,2,-8
783,param_8_high_perf,"[1.0, 0.0]","[0, 0]",0,-2,-8
784,param_8_high_perf,"[1.0, 0.25]","[0, 0]",0,2,-8
785,param_8_high_perf,"[0.0, 0.5]","[0, 0]",0,-8,-8
786,param_8_high_perf,"[0.0, 0.75]","[0, 0]",0,-8,-8
787,param_8_high_perf,"[0.0, 1.0]","[0, 0]",0,-8,-8
788,param_8_high_perf,"[0.25, 0.5]","[0, 0]",0,-4,-4
789,param_8_high_perf,"[0.25, 0.75]","[0, 0]",0,-4,-4
790,param_8_high_perf,"[0.25, 1.0]","[0, 0]",0,-4,-4
791,param_8_high_perf,"[0.5, 0.5]","[0, 0]",0,2,-8
792,param_8_high_perf,"[0.5, 0.75]","[0, 0]",0,2,-8
793,param_8_high_perf,"[0.5, 1.0]","[0, 0]",0,2,-8
794,param_8_high_perf,"[0.75, 0.5]","[0, 0]",0,2,-8
795,param_8_high_perf,"[0.75, 0.75]","[0, 0]",0,2,-8
796,param_8_high_perf,"[0.75, 1.0]","[0, 0]",0,2,-8
797,param_8_high_perf,"[1.0, 0.5]","[0, 0]",0,2,-8
798,param_8_high_perf,"[1.0, 0.75]","[0, 0]",0,2,-8
799,param_8_high_perf,"[1.0, 1.0]","[0, 0]",0,2,-8
